Lote,Mes,Cuota,Pago,Pendiente
A01,2025-02-01,800,800,0
A01,2025-03-01,800,800,0
A01,2025-04-01,800,800,0
A01,2025-05-01,800,800,0
A01,2025-06-01,800,800,0
A01,2025-07-01,800,0,0
A01,2025-08-01,800,1600,0
A01,2025-09-01,800,800,0
A01,2025-10-01,800,800,0
A01,2025-11-01,800,0,0
A01,2025-12-01,800,1600,0
A01,2026-01-01,800,800,0
A01,2026-02-01,800,800,0
A01,2026-03-01,800,0,800
A01,2026-04-01,925,0,925
A01,2026-05-01,925,0,925
A01,2026-06-01,925,0,925
A01,2026-07-01,925,0,925
A01,2026-08-01,925,0,925
A01,2026-09-01,925,0,925
A01,2026-10-01,925,0,925
A01,2026-11-01,925,0,925
A01,2026-12-01,925,0,925
A02,2025-02-01,0,0,0
A02,2025-03-01,0,0,0
A02,2025-04-01,0,0,0
A02,2025-05-01,0,0,0
A02,2025-06-01,0,0,0
A02,2025-07-01,0,0,0
A02,2025-08-01,0,0,0
A02,2025-09-01,0,0,0
A02,2025-10-01,0,0,0
A02,2025-11-01,0,0,0
A02,2025-12-01,0,0,0
A02,2026-01-01,0,0,0
A02,2026-02-01,0,0,0
A02,2026-03-01,0,0,0
A02,2026-04-01,0,0,0
A02,2026-05-01,0,0,0
A02,2026-06-01,0,0,0
A02,2026-07-01,0,0,0
A02,2026-08-01,0,0,0
A02,2026-09-01,0,0,0
A02,2026-10-01,0,0,0
A02,2026-11-01,0,0,0
A02,2026-12-01,0,0,0
A03-1,2025-02-01,500,500,0
A03-1,2025-03-01,500,500,0
A03-1,2025-04-01,500,500,0
A03-1,2025-05-01,500,500,0
A03-1,2025-06-01,0,0,0
A03-1,2025-07-01,0,0,0
A03-1,2025-08-01,0,0,0
A03-1,2025-09-01,0,0,0
A03-1,2025-10-01,0,0,0
A03-1,2025-11-01,0,0,0
A03-1,2025-12-01,0,0,0
A03-1,2026-01-01,0,0,0
A03-1,2026-02-01,0,0,0
A03-1,2026-03-01,0,0,0
A03-1,2026-04-01,0,0,0
A03-1,2026-05-01,0,0,0
A03-1,2026-06-01,0,0,0
A03-1,2026-07-01,0,0,0
A03-1,2026-08-01,0,0,0
A03-1,2026-09-01,0,0,0
A03-1,2026-10-01,0,0,0
A03-1,2026-11-01,0,0,0
A03-1,2026-12-01,0,0,0
A03-2,2025-02-01,500,500,0
A03-2,2025-03-01,500,500,0
A03-2,2025-04-01,500,500,0
A03-2,2025-05-01,500,500,0
A03-2,2025-06-01,500,500,0
A03-2,2025-07-01,0,0,0
A03-2,2025-08-01,0,0,0
A03-2,2025-09-01,0,0,0
A03-2,2025-10-01,0,0,0
A03-2,2025-11-01,0,0,0
A03-2,2025-12-01,0,0,0
A03-2,2026-01-01,0,0,0
A03-2,2026-02-01,0,0,0
A03-2,2026-03-01,0,0,0
A03-2,2026-04-01,0,0,0
A03-2,2026-05-01,0,0,0
A03-2,2026-06-01,0,0,0
A03-2,2026-07-01,0,0,0
A03-2,2026-08-01,0,0,0
A03-2,2026-09-01,0,0,0
A03-2,2026-10-01,0,0,0
A03-2,2026-11-01,0,0,0
A03-2,2026-12-01,0,0,0
A04,2025-02-01,600,600,0
A04,2025-03-01,600,600,0
A04,2025-04-01,600,600,0
A04,2025-05-01,600,600,0
A04,2025-06-01,600,600,0
A04,2025-07-01,0,0,0
A04,2025-08-01,600,1200,0
A04,2025-09-01,600,0,0
A04,2025-10-01,600,0,0
A04,2025-11-01,600,600,0
A04,2025-12-01,600,1200,0
A04,2026-01-01,600,0,0
A04,2026-02-01,600,1200,0
A04,2026-03-01,600,0,600
A04,2026-04-01,725,0,725
A04,2026-05-01,725,0,725
A04,2026-06-01,725,0,725
A04,2026-07-01,725,0,725
A04,2026-08-01,725,0,725
A04,2026-09-01,725,0,725
A04,2026-10-01,725,0,725
A04,2026-11-01,725,0,725
A04,2026-12-01,725,0,725
A05,2025-02-01,600,600,0
A05,2025-03-01,600,1200,0
A05,2025-04-01,600,600,0
A05,2025-05-01,600,600,0
A05,2025-06-01,600,0,0
A05,2025-07-01,600,1200,0
A05,2025-08-01,600,0,0
A05,2025-09-01,600,600,0
A05,2025-10-01,600,600,0
A05,2025-11-01,600,600,0
A05,2025-12-01,600,600,0
A05,2026-01-01,600,600,0
A05,2026-02-01,600,600,0
A05,2026-03-01,600,600,0
A05,2026-04-01,725,0,725
A05,2026-05-01,725,0,725
A05,2026-06-01,725,0,725
A05,2026-07-01,725,0,725
A05,2026-08-01,725,0,725
A05,2026-09-01,725,0,725
A05,2026-10-01,725,0,725
A05,2026-11-01,725,0,725
A05,2026-12-01,725,0,725
A06,2025-02-01,0,0,0
A06,2025-03-01,0,0,0
A06,2025-04-01,0,0,0
A06,2025-05-01,0,0,0
A06,2025-06-01,0,0,0
A06,2025-07-01,0,0,0
A06,2025-08-01,0,0,0
A06,2025-09-01,0,0,0
A06,2025-10-01,0,0,0
A06,2025-11-01,0,0,0
A06,2025-12-01,0,0,0
A06,2026-01-01,0,0,0
A06,2026-02-01,0,0,0
A06,2026-03-01,0,0,0
A06,2026-04-01,0,0,0
A06,2026-05-01,0,0,0
A06,2026-06-01,0,0,0
A06,2026-07-01,0,0,0
A06,2026-08-01,0,0,0
A06,2026-09-01,0,0,0
A06,2026-10-01,0,0,0
A06,2026-11-01,0,0,0
A06,2026-12-01,0,0,0
A07-1,2025-02-01,500,500,0
A07-1,2025-03-01,500,500,0
A07-1,2025-04-01,500,500,0
A07-1,2025-05-01,500,500,0
A07-1,2025-06-01,500,500,0
A07-1,2025-07-01,0,0,0
A07-1,2025-08-01,500,500,0
A07-1,2025-09-01,500,0,0
A07-1,2025-10-01,500,500,0
A07-1,2025-11-01,500,500,0
A07-1,2025-12-01,500,1000,0
A07-1,2026-01-01,500,0,0
A07-1,2026-02-01,500,500,0
A07-1,2026-03-01,500,1000,0
A07-1,2026-04-01,625,0,625
A07-1,2026-05-01,625,0,625
A07-1,2026-06-01,625,0,625
A07-1,2026-07-01,625,0,625
A07-1,2026-08-01,625,0,625
A07-1,2026-09-01,625,0,625
A07-1,2026-10-01,625,0,625
A07-1,2026-11-01,625,0,625
A07-1,2026-12-01,625,0,625
A07-2,2025-02-01,300,300,0
A07-2,2025-03-01,300,300,0
A07-2,2025-04-01,300,300,0
A07-2,2025-05-01,300,300,0
A07-2,2025-06-01,300,300,0
A07-2,2025-07-01,300,300,0
A07-2,2025-08-01,300,0,0
A07-2,2025-09-01,300,300,0
A07-2,2025-10-01,300,300,0
A07-2,2025-11-01,300,300,0
A07-2,2025-12-01,300,300,0
A07-2,2026-01-01,300,300,0
A07-2,2026-02-01,300,300,300
A07-2,2026-03-01,300,0,300
A07-2,2026-04-01,425,0,425
A07-2,2026-05-01,425,0,425
A07-2,2026-06-01,425,0,425
A07-2,2026-07-01,425,0,425
A07-2,2026-08-01,425,0,425
A07-2,2026-09-01,425,0,425
A07-2,2026-10-01,425,0,425
A07-2,2026-11-01,425,0,425
A07-2,2026-12-01,425,0,425
A07-3,2025-02-01,300,300,0
A07-3,2025-03-01,300,300,0
A07-3,2025-04-01,300,300,0
A07-3,2025-05-01,300,300,0
A07-3,2025-06-01,300,0,0
A07-3,2025-07-01,300,600,0
A07-3,2025-08-01,300,300,0
A07-3,2025-09-01,300,300,0
A07-3,2025-10-01,300,300,0
A07-3,2025-11-01,300,300,0
A07-3,2025-12-01,300,300,0
A07-3,2026-01-01,300,300,0
A07-3,2026-02-01,300,300,0
A07-3,2026-03-01,300,600,0
A07-3,2026-04-01,425,0,125
A07-3,2026-05-01,425,0,425
A07-3,2026-06-01,425,0,425
A07-3,2026-07-01,425,0,425
A07-3,2026-08-01,425,0,425
A07-3,2026-09-01,425,0,425
A07-3,2026-10-01,425,0,425
A07-3,2026-11-01,425,0,425
A07-3,2026-12-01,425,0,425
A07-4,2025-02-01,300,300,0
A07-4,2025-03-01,300,300,0
A07-4,2025-04-01,300,300,0
A07-4,2025-05-01,300,300,0
A07-4,2025-06-01,300,300,0
A07-4,2025-07-01,300,300,0
A07-4,2025-08-01,300,300,0
A07-4,2025-09-01,300,300,0
A07-4,2025-10-01,300,300,0
A07-4,2025-11-01,300,300,0
A07-4,2025-12-01,300,300,0
A07-4,2026-01-01,300,300,0
A07-4,2026-02-01,300,300,0
A07-4,2026-03-01,300,300,0
A07-4,2026-04-01,425,0,425
A07-4,2026-05-01,425,0,425
A07-4,2026-06-01,425,0,425
A07-4,2026-07-01,425,0,425
A07-4,2026-08-01,425,0,425
A07-4,2026-09-01,425,0,425
A07-4,2026-10-01,425,0,425
A07-4,2026-11-01,425,0,425
A07-4,2026-12-01,425,0,425
A08,2025-02-01,600,600,0
A08,2025-03-01,600,1200,0
A08,2025-04-01,600,600,0
A08,2025-05-01,600,600,0
A08,2025-06-01,600,600,0
A08,2025-07-01,600,0,0
A08,2025-08-01,600,600,0
A08,2025-09-01,600,1200,0
A08,2025-10-01,600,600,0
A08,2025-11-01,600,0,0
A08,2025-12-01,600,1200,0
A08,2026-01-01,600,1200,0
A08,2026-02-01,600,0,0
A08,2026-03-01,600,600,0
A08,2026-04-01,725,0,125
A08,2026-05-01,725,0,725
A08,2026-06-01,725,0,725
A08,2026-07-01,725,0,725
A08,2026-08-01,725,0,725
A08,2026-09-01,725,0,725
A08,2026-10-01,725,0,725
A08,2026-11-01,725,0,725
A08,2026-12-01,725,0,725
A09,2025-02-01,600,600,0
A09,2025-03-01,600,600,0
A09,2025-04-01,600,600,0
A09,2025-05-01,600,600,0
A09,2025-06-01,600,600,0
A09,2025-07-01,600,0,0
A09,2025-08-01,600,1200,0
A09,2025-09-01,600,0,0
A09,2025-10-01,600,2400,0
A09,2025-11-01,600,0,0
A09,2025-12-01,600,0,0
A09,2026-01-01,600,1200,0
A09,2026-02-01,600,0,0
A09,2026-03-01,600,0,600
A09,2026-04-01,725,0,725
A09,2026-05-01,725,0,725
A09,2026-06-01,725,0,725
A09,2026-07-01,725,0,725
A09,2026-08-01,725,0,725
A09,2026-09-01,725,0,725
A09,2026-10-01,725,0,725
A09,2026-11-01,725,0,725
A09,2026-12-01,725,0,725
A10,2025-02-01,0,0,0
A10,2025-03-01,0,0,0
A10,2025-04-01,0,0,0
A10,2025-05-01,0,0,0
A10,2025-06-01,0,0,0
A10,2025-07-01,0,0,0
A10,2025-08-01,0,0,0
A10,2025-09-01,0,0,0
A10,2025-10-01,800,0,0
A10,2025-11-01,800,0,0
A10,2025-12-01,800,0,0
A10,2026-01-01,800,2400,800
A10,2026-02-01,800,0,800
A10,2026-03-01,800,0,800
A10,2026-04-01,925,0,925
A10,2026-05-01,925,0,925
A10,2026-06-01,925,0,925
A10,2026-07-01,925,0,925
A10,2026-08-01,925,0,925
A10,2026-09-01,925,0,925
A10,2026-10-01,925,0,925
A10,2026-11-01,925,0,925
A10,2026-12-01,925,0,925
A11,2025-02-01,0,0,0
A11,2025-03-01,600,600,0
A11,2025-04-01,600,600,0
A11,2025-05-01,600,600,0
A11,2025-06-01,600,600,0
A11,2025-07-01,600,600,0
A11,2025-08-01,600,600,0
A11,2025-09-01,600,0,0
A11,2025-10-01,600,600,0
A11,2025-11-01,600,600,0
A11,2025-12-01,600,600,0
A11,2026-01-01,600,1200,0
A11,2026-02-01,600,600,0
A11,2026-03-01,600,600,0
A11,2026-04-01,725,0,725
A11,2026-05-01,725,0,725
A11,2026-06-01,725,0,725
A11,2026-07-01,725,0,725
A11,2026-08-01,725,0,725
A11,2026-09-01,725,0,725
A11,2026-10-01,725,0,725
A11,2026-11-01,725,0,725
A11,2026-12-01,725,0,725
A12,2025-02-01,0,600,0
A12,2025-03-01,600,600,0
A12,2025-04-01,600,600,0
A12,2025-05-01,600,600,0
A12,2025-06-01,600,600,0
A12,2025-07-01,0,0,0
A12,2025-08-01,600,600,0
A12,2025-09-01,600,600,0
A12,2025-10-01,600,600,0
A12,2025-11-01,600,600,0
A12,2025-12-01,600,0,0
A12,2026-01-01,600,600,0
A12,2026-02-01,600,600,0
A12,2026-03-01,600,600,0
A12,2026-04-01,725,0,725
A12,2026-05-01,725,0,725
A12,2026-06-01,725,0,725
A12,2026-07-01,725,0,725
A12,2026-08-01,725,0,725
A12,2026-09-01,725,0,725
A12,2026-10-01,725,0,725
A12,2026-11-01,725,0,725
A12,2026-12-01,725,0,725
A13,2025-02-01,600,600,0
A13,2025-03-01,600,600,0
A13,2025-04-01,600,600,0
A13,2025-05-01,600,600,0
A13,2025-06-01,600,600,0
A13,2025-07-01,600,600,0
A13,2025-08-01,600,600,0
A13,2025-09-01,600,600,0
A13,2025-10-01,600,600,0
A13,2025-11-01,600,600,0
A13,2025-12-01,600,700,0
A13,2026-01-01,600,600,0
A13,2026-02-01,600,600,0
A13,2026-03-01,600,600,0
A13,2026-04-01,725,0,625
A13,2026-05-01,725,0,725
A13,2026-06-01,725,0,725
A13,2026-07-01,725,0,725
A13,2026-08-01,725,0,725
A13,2026-09-01,725,0,725
A13,2026-10-01,725,0,725
A13,2026-11-01,725,0,725
A13,2026-12-01,725,0,725
A14,2025-02-01,600,600,0
A14,2025-03-01,600,600,0
A14,2025-04-01,600,600,0
A14,2025-05-01,600,600,0
A14,2025-06-01,600,600,0
A14,2025-07-01,600,0,0
A14,2025-08-01,600,1200,0
A14,2025-09-01,600,0,0
A14,2025-10-01,600,1200,0
A14,2025-11-01,600,600,0
A14,2025-12-01,600,600,0
A14,2026-01-01,600,600,0
A14,2026-02-01,600,600,0
A14,2026-03-01,600,0,600
A14,2026-04-01,725,0,725
A14,2026-05-01,725,0,725
A14,2026-06-01,725,0,725
A14,2026-07-01,725,0,725
A14,2026-08-01,725,0,725
A14,2026-09-01,725,0,725
A14,2026-10-01,725,0,725
A14,2026-11-01,725,0,725
A14,2026-12-01,725,0,725
A15,2025-02-01,0,0,0
A15,2025-03-01,0,0,0
A15,2025-04-01,0,0,0
A15,2025-05-01,0,0,0
A15,2025-06-01,0,0,0
A15,2025-07-01,0,0,0
A15,2025-08-01,0,0,0
A15,2025-09-01,0,0,0
A15,2025-10-01,0,0,0
A15,2025-11-01,0,0,0
A15,2025-12-01,0,0,0
A15,2026-01-01,0,0,0
A15,2026-02-01,0,0,0
A15,2026-03-01,0,0,0
A15,2026-04-01,0,0,0
A15,2026-05-01,0,0,0
A15,2026-06-01,0,0,0
A15,2026-07-01,0,0,0
A15,2026-08-01,0,0,0
A15,2026-09-01,0,0,0
A15,2026-10-01,0,0,0
A15,2026-11-01,0,0,0
A15,2026-12-01,0,0,0
A16,2025-02-01,600,600,0
A16,2025-03-01,600,600,0
A16,2025-04-01,600,600,0
A16,2025-05-01,600,600,0
A16,2025-06-01,600,600,0
A16,2025-07-01,600,0,0
A16,2025-08-01,600,1200,0
A16,2025-09-01,600,600,0
A16,2025-10-01,600,0,0
A16,2025-11-01,600,1200,0
A16,2025-12-01,600,0,0
A16,2026-01-01,600,600,0
A16,2026-02-01,600,1200,0
A16,2026-03-01,600,600,0
A16,2026-04-01,725,0,725
A16,2026-05-01,725,0,725
A16,2026-06-01,725,0,725
A16,2026-07-01,725,0,725
A16,2026-08-01,725,0,725
A16,2026-09-01,725,0,725
A16,2026-10-01,725,0,725
A16,2026-11-01,725,0,725
A16,2026-12-01,725,0,725
A17,2025-02-01,0,2000,0
A17,2025-03-01,1000,0,0
A17,2025-04-01,1000,1000,0
A17,2025-05-01,1000,1000,0
A17,2025-06-01,1000,0,0
A17,2025-07-01,1000,2000,0
A17,2025-08-01,1000,0,0
A17,2025-09-01,1000,2000,0
A17,2025-10-01,1000,0,0
A17,2025-11-01,1000,0,0
A17,2025-12-01,1000,0,0
A17,2026-01-01,1000,0,0
A17,2026-02-01,1000,4000,0
A17,2026-03-01,1000,0,1000
A17,2026-04-01,1000,0,1000
A17,2026-05-01,1000,0,1000
A17,2026-06-01,1000,0,1000
A17,2026-07-01,1000,0,1000
A17,2026-08-01,1000,0,1000
A17,2026-09-01,1000,0,1000
A17,2026-10-01,1000,0,1000
A17,2026-11-01,1000,0,1000
A17,2026-12-01,1000,0,1000
A18,2025-02-01,1500,1500,0
A18,2025-03-01,0,0,0
A18,2025-04-01,0,0,0
A18,2025-05-01,0,0,0
A18,2025-06-01,0,0,0
A18,2025-07-01,0,0,0
A18,2025-08-01,0,0,0
A18,2025-09-01,0,0,0
A18,2025-10-01,0,0,0
A18,2025-11-01,0,0,0
A18,2025-12-01,0,0,0
A18,2026-01-01,0,0,0
A18,2026-02-01,0,0,0
A18,2026-03-01,0,0,0
A18,2026-04-01,0,0,0
A18,2026-05-01,0,0,0
A18,2026-06-01,0,0,0
A18,2026-07-01,0,0,0
A18,2026-08-01,0,0,0
A18,2026-09-01,0,0,0
A18,2026-10-01,0,0,0
A18,2026-11-01,0,0,0
A18,2026-12-01,0,0,0
A19,2025-02-01,600,600,0
A19,2025-03-01,600,600,0
A19,2025-04-01,600,1200,0
A19,2025-05-01,600,600,0
A19,2025-06-01,600,600,0
A19,2025-07-01,600,600,0
A19,2025-08-01,600,0,0
A19,2025-09-01,600,0,0
A19,2025-10-01,600,0,0
A19,2025-11-01,600,1800,0
A19,2025-12-01,600,0,0
A19,2026-01-01,600,1800,0
A19,2026-02-01,600,600,0
A19,2026-03-01,600,600,0
A19,2026-04-01,600,0,0
A19,2026-05-01,800,0,800
A19,2026-06-01,800,0,800
A19,2026-07-01,800,0,800
A19,2026-08-01,800,0,800
A19,2026-09-01,800,0,800
A19,2026-10-01,800,0,800
A19,2026-11-01,800,0,800
A19,2026-12-01,800,0,800
A20,2025-02-01,1000,1000,0
A20,2025-03-01,1000,1000,0
A20,2025-04-01,1000,1000,0
A20,2025-05-01,1000,1000,0
A20,2025-06-01,1000,1000,0
A20,2025-07-01,1000,0,0
A20,2025-08-01,1000,1000,0
A20,2025-09-01,1000,0,0
A20,2025-10-01,1000,2000,0
A20,2025-11-01,1000,0,0
A20,2025-12-01,1000,2000,0
A20,2026-01-01,1000,0,0
A20,2026-02-01,1000,1000,0
A20,2026-03-01,1000,4250,0
A20,2026-04-01,1250,0,0
A20,2026-05-01,1250,0,1250
A20,2026-06-01,1250,0,1250
A20,2026-07-01,1250,0,1250
A20,2026-08-01,1250,0,1250
A20,2026-09-01,1250,0,1250
A20,2026-10-01,1250,0,1250
A20,2026-11-01,1250,0,1250
A20,2026-12-01,1250,0,1250
A21,2025-02-01,600,1200,0
A21,2025-03-01,600,600,0
A21,2025-04-01,600,600,0
A21,2025-05-01,600,600,0
A21,2025-06-01,600,0,0
A21,2025-07-01,600,600,0
A21,2025-08-01,600,600,0
A21,2025-09-01,600,0,0
A21,2025-10-01,600,600,0
A21,2025-11-01,600,600,0
A21,2025-12-01,600,600,0
A21,2026-01-01,600,0,0
A21,2026-02-01,600,1200,600
A21,2026-03-01,600,0,600
A21,2026-04-01,725,0,725
A21,2026-05-01,725,0,725
A21,2026-06-01,725,0,725
A21,2026-07-01,725,0,725
A21,2026-08-01,725,0,725
A21,2026-09-01,725,0,725
A21,2026-10-01,725,0,725
A21,2026-11-01,725,0,725
A21,2026-12-01,725,0,725
A22,2025-02-01,600,600,0
A22,2025-03-01,600,0,0
A22,2025-04-01,600,1200,0
A22,2025-05-01,600,600,0
A22,2025-06-01,600,0,0
A22,2025-07-01,600,600,0
A22,2025-08-01,600,600,0
A22,2025-09-01,600,1200,0
A22,2025-10-01,600,0,0
A22,2025-11-01,600,1200,0
A22,2025-12-01,600,600,0
A22,2026-01-01,600,0,0
A22,2026-02-01,600,1200,0
A22,2026-03-01,600,600,0
A22,2026-04-01,725,0,725
A22,2026-05-01,725,0,725
A22,2026-06-01,725,0,725
A22,2026-07-01,725,0,725
A22,2026-08-01,725,0,725
A22,2026-09-01,725,0,725
A22,2026-10-01,725,0,725
A22,2026-11-01,725,0,725
A22,2026-12-01,725,0,725
A23,2025-02-01,1200,2400,0
A23,2025-03-01,1200,0,0
A23,2025-04-01,1200,1200,0
A23,2025-05-01,1200,1200,0
A23,2025-06-01,0,0,0
A23,2025-07-01,1200,1200,0
A23,2025-08-01,1200,1200,0
A23,2025-09-01,1200,1200,0
A23,2025-10-01,1200,1200,0
A23,2025-11-01,1200,1200,0
A23,2025-12-01,1200,0,0
A23,2026-01-01,1200,1200,0
A23,2026-02-01,1200,1200,0
A23,2026-03-01,1200,2400,0
A23,2026-04-01,1450,0,1450
A23,2026-05-01,1450,0,1450
A23,2026-06-01,1450,0,1450
A23,2026-07-01,1450,0,1450
A23,2026-08-01,1450,0,1450
A23,2026-09-01,1450,0,1450
A23,2026-10-01,1450,0,1450
A23,2026-11-01,1450,0,1450
A23,2026-12-01,1450,0,1450
A24,2025-02-01,0,0,0
A24,2025-03-01,0,0,0
A24,2025-04-01,0,0,0
A24,2025-05-01,0,0,0
A24,2025-06-01,0,0,0
A24,2025-07-01,0,0,0
A24,2025-08-01,0,0,0
A24,2025-09-01,0,0,0
A24,2025-10-01,0,0,0
A24,2025-11-01,0,0,0
A24,2025-12-01,0,0,0
A24,2026-01-01,0,0,0
A24,2026-02-01,500,500,0
A24,2026-03-01,500,0,500
A24,2026-04-01,625,0,625
A24,2026-05-01,625,0,625
A24,2026-06-01,625,0,625
A24,2026-07-01,625,0,625
A24,2026-08-01,625,0,625
A24,2026-09-01,625,0,625
A24,2026-10-01,625,0,625
A24,2026-11-01,625,0,625
A24,2026-12-01,625,0,625
A25,2025-02-01,600,600,0
A25,2025-03-01,600,0,0
A25,2025-04-01,600,1200,0
A25,2025-05-01,600,600,0
A25,2025-06-01,0,0,0
A25,2025-07-01,600,600,0
A25,2025-08-01,600,600,0
A25,2025-09-01,600,600,0
A25,2025-10-01,600,600,0
A25,2025-11-01,600,600,0
A25,2025-12-01,600,600,0
A25,2026-01-01,600,0,0
A25,2026-02-01,600,600,0
A25,2026-03-01,600,600,0
A25,2026-04-01,725,600,725
A25,2026-05-01,725,0,725
A25,2026-06-01,725,0,725
A25,2026-07-01,725,0,725
A25,2026-08-01,725,0,725
A25,2026-09-01,725,0,725
A25,2026-10-01,725,0,725
A25,2026-11-01,725,0,725
A25,2026-12-01,725,0,725
A26,2025-02-01,600,1200,0
A26,2025-03-01,600,600,0
A26,2025-04-01,600,600,0
A26,2025-05-01,600,600,0
A26,2025-06-01,600,600,0
A26,2025-07-01,600,0,0
A26,2025-08-01,600,600,0
A26,2025-09-01,600,0,0
A26,2025-10-01,600,1200,0
A26,2025-11-01,600,0,0
A26,2025-12-01,600,0,0
A26,2026-01-01,600,0,0
A26,2026-02-01,600,1800,600
A26,2026-03-01,600,0,600
A26,2026-04-01,725,0,725
A26,2026-05-01,725,0,725
A26,2026-06-01,725,0,725
A26,2026-07-01,725,0,725
A26,2026-08-01,725,0,725
A26,2026-09-01,725,0,725
A26,2026-10-01,725,0,725
A26,2026-11-01,725,0,725
A26,2026-12-01,725,0,725
A27,2025-02-01,600,1200,0
A27,2025-03-01,600,0,0
A27,2025-04-01,600,1200,0
A27,2025-05-01,600,600,0
A27,2025-06-01,600,0,0
A27,2025-07-01,600,600,0
A27,2025-08-01,600,600,0
A27,2025-09-01,600,600,0
A27,2025-10-01,600,600,0
A27,2025-11-01,600,600,0
A27,2025-12-01,600,0,0
A27,2026-01-01,600,1200,0
A27,2026-02-01,600,600,0
A27,2026-03-01,600,600,0
A27,2026-04-01,725,0,725
A27,2026-05-01,725,0,725
A27,2026-06-01,725,0,725
A27,2026-07-01,725,0,725
A27,2026-08-01,725,0,725
A27,2026-09-01,725,0,725
A27,2026-10-01,725,0,725
A27,2026-11-01,725,0,725
A27,2026-12-01,725,0,725
A29,2025-02-01,1500,1500,0
A29,2025-03-01,1500,1500,0
A29,2025-04-01,1500,1500,0
A29,2025-05-01,1500,1500,0
A29,2025-06-01,1500,1500,0
A29,2025-07-01,1500,1500,0
A29,2025-08-01,1500,1500,0
A29,2025-09-01,1500,1500,0
A29,2025-10-01,1500,1500,0
A29,2025-11-01,1500,1500,0
A29,2025-12-01,1500,1500,0
A29,2026-01-01,1500,1500,0
A29,2026-02-01,1500,1500,0
A29,2026-03-01,1500,0,1500
A29,2026-04-01,1500,0,1500
A29,2026-05-01,1500,0,1500
A29,2026-06-01,1500,0,1500
A29,2026-07-01,1500,0,1500
A29,2026-08-01,1500,0,1500
A29,2026-09-01,1500,0,1500
A29,2026-10-01,1500,0,1500
A29,2026-11-01,1500,0,1500
A29,2026-12-01,1500,0,1500
A30,2025-02-01,600,0,0
A30,2025-03-01,600,1200,0
A30,2025-04-01,600,0,0
A30,2025-05-01,600,0,0
A30,2025-06-01,600,1800,0
A30,2025-07-01,600,1200,0
A30,2025-08-01,600,0,0
A30,2025-09-01,600,0,0
A30,2025-10-01,600,1800,0
A30,2025-11-01,600,0,0
A30,2025-12-01,600,0,0
A30,2026-01-01,600,1200,0
A30,2026-02-01,600,0,600
A30,2026-03-01,600,0,600
A30,2026-04-01,600,0,600
A30,2026-05-01,600,0,600
A30,2026-06-01,600,0,600
A30,2026-07-01,600,0,600
A30,2026-08-01,600,0,600
A30,2026-09-01,600,0,600
A30,2026-10-01,600,0,600
A30,2026-11-01,600,0,600
A30,2026-12-01,600,0,600
A31,2025-02-01,0,0,0
A31,2025-03-01,0,0,0
A31,2025-04-01,0,0,0
A31,2025-05-01,0,0,0
A31,2025-06-01,0,0,0
A31,2025-07-01,0,0,0
A31,2025-08-01,0,0,0
A31,2025-09-01,0,0,0
A31,2025-10-01,0,0,0
A31,2025-11-01,0,0,0
A31,2025-12-01,0,0,0
A31,2026-01-01,0,0,0
A31,2026-02-01,600,600,0
A31,2026-03-01,600,600,0
A31,2026-04-01,725,0,725
A31,2026-05-01,725,0,725
A31,2026-06-01,725,0,725
A31,2026-07-01,725,0,725
A31,2026-08-01,725,0,725
A31,2026-09-01,725,0,725
A31,2026-10-01,725,0,725
A31,2026-11-01,725,0,725
A31,2026-12-01,725,0,725
B01,2025-02-01,600,600,0
B01,2025-03-01,600,600,0
B01,2025-04-01,600,600,0
B01,2025-05-01,600,600,0
B01,2025-06-01,600,600,0
B01,2025-07-01,600,0,600
B01,2025-08-01,600,0,600
B01,2025-09-01,600,0,600
B01,2025-10-01,600,0,600
B01,2025-11-01,600,0,600
B01,2025-12-01,600,0,600
B01,2026-01-01,600,0,600
B01,2026-02-01,600,0,600
B01,2026-03-01,600,0,600
B01,2026-04-01,725,0,725
B01,2026-05-01,725,0,725
B01,2026-06-01,725,0,725
B01,2026-07-01,725,0,725
B01,2026-08-01,725,0,725
B01,2026-09-01,725,0,725
B01,2026-10-01,725,0,725
B01,2026-11-01,725,0,725
B01,2026-12-01,725,0,725
B02,2025-02-01,0,600,0
B02,2025-03-01,600,600,0
B02,2025-04-01,600,600,0
B02,2025-05-01,600,600,0
B02,2025-06-01,600,600,0
B02,2025-07-01,600,0,0
B02,2025-08-01,600,600,0
B02,2025-09-01,600,2400,0
B02,2025-10-01,600,0,0
B02,2025-11-01,600,0,0
B02,2025-12-01,600,0,0
B02,2026-01-01,600,0,0
B02,2026-02-01,600,3600,0
B02,2026-03-01,600,0,0
B02,2026-04-01,600,0,0
B02,2026-05-01,600,0,0
B02,2026-06-01,600,0,0
B02,2026-07-01,725,0,725
B02,2026-08-01,725,0,725
B02,2026-09-01,725,0,725
B02,2026-10-01,725,0,725
B02,2026-11-01,725,0,725
B02,2026-12-01,725,0,725
B03,2025-02-01,600,1200,0
B03,2025-03-01,600,600,0
B03,2025-04-01,600,600,0
B03,2025-05-01,600,600,0
B03,2025-06-01,600,0,0
B03,2025-07-01,600,600,0
B03,2025-08-01,600,600,0
B03,2025-09-01,600,600,0
B03,2025-10-01,600,600,0
B03,2025-11-01,600,600,0
B03,2025-12-01,600,600,0
B03,2026-01-01,600,0,0
B03,2026-02-01,600,1200,0
B03,2026-03-01,600,600,0
B03,2026-04-01,725,0,725
B03,2026-05-01,725,0,725
B03,2026-06-01,725,0,725
B03,2026-07-01,725,0,725
B03,2026-08-01,725,0,725
B03,2026-09-01,725,0,725
B03,2026-10-01,725,0,725
B03,2026-11-01,725,0,725
B03,2026-12-01,725,0,725
B04,2025-02-01,600,600,0
B04,2025-03-01,600,600,0
B04,2025-04-01,600,600,0
B04,2025-05-01,600,600,0
B04,2025-06-01,600,600,0
B04,2025-07-01,600,1200,0
B04,2025-08-01,600,0,0
B04,2025-09-01,600,1200,0
B04,2025-10-01,600,0,0
B04,2025-11-01,600,1200,0
B04,2025-12-01,600,0,0
B04,2026-01-01,600,1200,0
B04,2026-02-01,600,3600,0
B04,2026-03-01,600,0,0
B04,2026-04-01,600,0,0
B04,2026-05-01,600,0,0
B04,2026-06-01,600,0,0
B04,2026-07-01,600,0,0
B04,2026-08-01,600,0,0
B04,2026-09-01,725,0,725
B04,2026-10-01,725,0,725
B04,2026-11-01,725,0,725
B04,2026-12-01,725,0,725
B05,2025-02-01,600,0,0
B05,2025-03-01,600,1200,0
B05,2025-04-01,600,1200,0
B05,2025-05-01,600,600,0
B05,2025-06-01,600,0,0
B05,2025-07-01,600,1200,0
B05,2025-08-01,600,0,0
B05,2025-09-01,600,0,0
B05,2025-10-01,600,0,0
B05,2025-11-01,600,1200,0
B05,2025-12-01,600,0,0
B05,2026-01-01,600,1800,0
B05,2026-02-01,600,0,0
B05,2026-03-01,600,1200,0
B05,2026-04-01,725,0,725
B05,2026-05-01,725,0,725
B05,2026-06-01,725,0,725
B05,2026-07-01,725,0,725
B05,2026-08-01,725,0,725
B05,2026-09-01,725,0,725
B05,2026-10-01,725,0,725
B05,2026-11-01,725,0,725
B05,2026-12-01,725,0,725
B06,2025-02-01,1200,1200,0
B06,2025-03-01,1200,1200,0
B06,2025-04-01,1200,1200,0
B06,2025-05-01,1200,1200,0
B06,2025-06-01,1200,1200,0
B06,2025-07-01,1200,1200,0
B06,2025-08-01,600,600,0
B06,2025-09-01,1200,1200,0
B06,2025-10-01,1000,1000,0
B06,2025-11-01,2200,2200,0
B06,2025-12-01,1500,1500,0
B06,2026-01-01,1500,1500,0
B06,2026-02-01,2000,2000,0
B06,2026-03-01,2000,2000,0
B06,2026-04-01,2500,0,2500
B06,2026-05-01,2500,0,2500
B06,2026-06-01,2500,0,2500
B06,2026-07-01,2500,0,2500
B06,2026-08-01,2500,0,2500
B06,2026-09-01,2500,0,2500
B06,2026-10-01,2500,0,2500
B06,2026-11-01,2500,0,2500
B06,2026-12-01,2500,0,2500
B07,2025-02-01,600,600,0
B07,2025-03-01,600,600,0
B07,2025-04-01,600,600,0
B07,2025-05-01,600,600,0
B07,2025-06-01,600,600,0
B07,2025-07-01,600,0,0
B07,2025-08-01,600,1200,0
B07,2025-09-01,600,600,0
B07,2025-10-01,600,600,0
B07,2025-11-01,600,0,0
B07,2025-12-01,600,1200,0
B07,2026-01-01,600,600,0
B07,2026-02-01,600,600,0
B07,2026-03-01,600,0,600
B07,2026-04-01,725,0,725
B07,2026-05-01,725,0,725
B07,2026-06-01,725,0,725
B07,2026-07-01,725,0,725
B07,2026-08-01,725,0,725
B07,2026-09-01,725,0,725
B07,2026-10-01,725,0,725
B07,2026-11-01,725,0,725
B07,2026-12-01,725,0,725
B08,2025-02-01,600,600,0
B08,2025-03-01,600,600,0
B08,2025-04-01,600,600,0
B08,2025-05-01,600,600,0
B08,2025-06-01,600,0,0
B08,2025-07-01,600,600,0
B08,2025-08-01,600,1200,0
B08,2025-09-01,600,600,0
B08,2025-10-01,600,600,0
B08,2025-11-01,600,0,0
B08,2025-12-01,600,600,0
B08,2026-01-01,600,600,0
B08,2026-02-01,600,600,0
B08,2026-03-01,600,1200,0
B08,2026-04-01,725,0,725
B08,2026-05-01,725,0,725
B08,2026-06-01,725,0,725
B08,2026-07-01,725,0,725
B08,2026-08-01,725,0,725
B08,2026-09-01,725,0,725
B08,2026-10-01,725,0,725
B08,2026-11-01,725,0,725
B08,2026-12-01,725,0,725
B09,2025-02-01,600,1200,0
B09,2025-03-01,600,0,0
B09,2025-04-01,600,1200,0
B09,2025-05-01,600,600,0
B09,2025-06-01,600,0,0
B09,2025-07-01,600,600,0
B09,2025-08-01,600,0,0
B09,2025-09-01,600,0,0
B09,2025-10-01,600,0,0
B09,2025-11-01,600,1200,0
B09,2025-12-01,600,0,0
B09,2026-01-01,600,1800,600
B09,2026-02-01,600,0,600
B09,2026-03-01,600,0,600
B09,2026-04-01,725,0,725
B09,2026-05-01,725,0,725
B09,2026-06-01,725,0,725
B09,2026-07-01,725,0,725
B09,2026-08-01,725,0,725
B09,2026-09-01,725,0,725
B09,2026-10-01,725,0,725
B09,2026-11-01,725,0,725
B09,2026-12-01,725,0,725
B10,2025-02-01,0,0,0
B10,2025-03-01,0,0,0
B10,2025-04-01,0,0,0
B10,2025-05-01,0,0,0
B10,2025-06-01,0,0,0
B10,2025-07-01,0,0,0
B10,2025-08-01,0,0,0
B10,2025-09-01,0,0,0
B10,2025-10-01,0,0,0
B10,2025-11-01,0,0,0
B10,2025-12-01,0,0,0
B10,2026-01-01,0,0,0
B10,2026-02-01,0,0,0
B10,2026-03-01,0,0,0
B10,2026-04-01,0,0,0
B10,2026-05-01,0,0,0
B10,2026-06-01,0,0,0
B10,2026-07-01,0,0,0
B10,2026-08-01,0,0,0
B10,2026-09-01,0,0,0
B10,2026-10-01,0,0,0
B10,2026-11-01,0,0,0
B10,2026-12-01,0,0,0
B11,2025-02-01,600,600,0
B11,2025-03-01,600,600,0
B11,2025-04-01,600,600,0
B11,2025-05-01,600,600,0
B11,2025-06-01,600,600,0
B11,2025-07-01,600,0,0
B11,2025-08-01,600,600,0
B11,2025-09-01,600,600,0
B11,2025-10-01,600,600,0
B11,2025-11-01,600,600,0
B11,2025-12-01,600,1200,0
B11,2026-01-01,600,600,0
B11,2026-02-01,600,600,0
B11,2026-03-01,600,600,0
B11,2026-04-01,725,0,725
B11,2026-05-01,725,0,725
B11,2026-06-01,725,0,725
B11,2026-07-01,725,0,725
B11,2026-08-01,725,0,725
B11,2026-09-01,725,0,725
B11,2026-10-01,725,0,725
B11,2026-11-01,725,0,725
B11,2026-12-01,725,0,725
B12,2025-02-01,0,1200,0
B12,2025-03-01,0,0,0
B12,2025-04-01,600,600,0
B12,2025-05-01,600,1800,0
B12,2025-06-01,600,0,0
B12,2025-07-01,600,0,0
B12,2025-08-01,600,0,0
B12,2025-09-01,600,0,0
B12,2025-10-01,600,1200,0
B12,2025-11-01,600,0,0
B12,2025-12-01,600,0,0
B12,2026-01-01,600,600,0
B12,2026-02-01,600,600,0
B12,2026-03-01,600,1200,0
B12,2026-04-01,725,0,725
B12,2026-05-01,725,0,725
B12,2026-06-01,725,0,725
B12,2026-07-01,725,0,725
B12,2026-08-01,725,0,725
B12,2026-09-01,725,0,725
B12,2026-10-01,725,0,725
B12,2026-11-01,725,0,725
B12,2026-12-01,725,0,725
B13-1,2025-02-01,600,600,0
B13-1,2025-03-01,600,600,0
B13-1,2025-04-01,600,600,0
B13-1,2025-05-01,600,600,0
B13-1,2025-06-01,600,0,0
B13-1,2025-07-01,600,600,0
B13-1,2025-08-01,600,600,0
B13-1,2025-09-01,600,0,0
B13-1,2025-10-01,600,1200,0
B13-1,2025-11-01,600,600,0
B13-1,2025-12-01,600,1200,0
B13-1,2026-01-01,600,0,0
B13-1,2026-02-01,600,0,0
B13-1,2026-03-01,600,0,0
B13-1,2026-04-01,725,1800,725
B13-1,2026-05-01,725,0,725
B13-1,2026-06-01,725,0,725
B13-1,2026-07-01,725,0,725
B13-1,2026-08-01,725,0,725
B13-1,2026-09-01,725,0,725
B13-1,2026-10-01,725,0,725
B13-1,2026-11-01,725,0,725
B13-1,2026-12-01,725,0,725
B13-2,2025-02-01,600,600,0
B13-2,2025-03-01,600,600,0
B13-2,2025-04-01,600,600,0
B13-2,2025-05-01,600,600,0
B13-2,2025-06-01,600,0,0
B13-2,2025-07-01,600,600,0
B13-2,2025-08-01,600,600,0
B13-2,2025-09-01,600,600,0
B13-2,2025-10-01,600,0,0
B13-2,2025-11-01,600,1200,0
B13-2,2025-12-01,600,0,600
B13-2,2026-01-01,600,0,600
B13-2,2026-02-01,600,0,600
B13-2,2026-03-01,600,600,600
B13-2,2026-04-01,725,0,725
B13-2,2026-05-01,725,0,725
B13-2,2026-06-01,725,0,725
B13-2,2026-07-01,725,0,725
B13-2,2026-08-01,725,0,725
B13-2,2026-09-01,725,0,725
B13-2,2026-10-01,725,0,725
B13-2,2026-11-01,725,0,725
B13-2,2026-12-01,725,0,725
B13-3,2025-02-01,600,0,0
B13-3,2025-03-01,600,1200,0
B13-3,2025-04-01,600,600,0
B13-3,2025-05-01,600,1200,0
B13-3,2025-06-01,600,0,0
B13-3,2025-07-01,600,0,0
B13-3,2025-08-01,600,0,0
B13-3,2025-09-01,600,0,300
B13-3,2025-10-01,600,0,600
B13-3,2025-11-01,600,0,600
B13-3,2025-12-01,600,0,600
B13-3,2026-01-01,600,0,600
B13-3,2026-02-01,600,0,600
B13-3,2026-03-01,600,1500,600
B13-3,2026-04-01,725,0,725
B13-3,2026-05-01,725,0,725
B13-3,2026-06-01,725,0,725
B13-3,2026-07-01,725,0,725
B13-3,2026-08-01,725,0,725
B13-3,2026-09-01,725,0,725
B13-3,2026-10-01,725,0,725
B13-3,2026-11-01,725,0,725
B13-3,2026-12-01,725,0,725
B14,2025-02-01,600,600,0
B14,2025-03-01,600,600,0
B14,2025-04-01,600,600,0
B14,2025-05-01,600,600,0
B14,2025-06-01,600,0,0
B14,2025-07-01,600,1200,0
B14,2025-08-01,600,600,0
B14,2025-09-01,600,0,0
B14,2025-10-01,600,600,0
B14,2025-11-01,600,600,0
B14,2025-12-01,600,600,0
B14,2026-01-01,600,1200,0
B14,2026-02-01,600,600,0
B14,2026-03-01,600,0,600
B14,2026-04-01,725,0,725
B14,2026-05-01,725,0,725
B14,2026-06-01,725,0,725
B14,2026-07-01,725,0,725
B14,2026-08-01,725,0,725
B14,2026-09-01,725,0,725
B14,2026-10-01,725,0,725
B14,2026-11-01,725,0,725
B14,2026-12-01,725,0,725
B15,2025-02-01,600,1200,0
B15,2025-03-01,600,0,0
B15,2025-04-01,600,1200,0
B15,2025-05-01,600,600,0
B15,2025-06-01,600,600,0
B15,2025-07-01,0,0,0
B15,2025-08-01,600,0,0
B15,2025-09-01,600,0,0
B15,2025-10-01,600,1200,0
B15,2025-11-01,600,0,0
B15,2025-12-01,600,1200,0
B15,2026-01-01,600,0,0
B15,2026-02-01,600,0,0
B15,2026-03-01,600,1200,600
B15,2026-04-01,725,0,725
B15,2026-05-01,725,0,725
B15,2026-06-01,725,0,725
B15,2026-07-01,725,0,725
B15,2026-08-01,725,0,725
B15,2026-09-01,725,0,725
B15,2026-10-01,725,0,725
B15,2026-11-01,725,0,725
B15,2026-12-01,725,0,725
B16,2025-02-01,1000,1000,0
B16,2025-03-01,1000,0,0
B16,2025-04-01,1000,2000,0
B16,2025-05-01,1000,1000,0
B16,2025-06-01,1000,1000,0
B16,2025-07-01,1000,0,0
B16,2025-08-01,1000,1000,0
B16,2025-09-01,1000,1000,0
B16,2025-10-01,1000,1000,0
B16,2025-11-01,1000,2000,0
B16,2025-12-01,1000,1000,0
B16,2026-01-01,1000,1000,0
B16,2026-02-01,1000,1000,0
B16,2026-03-01,1000,0,1000
B16,2026-04-01,1000,0,1000
B16,2026-05-01,1000,0,1000
B16,2026-06-01,1000,0,1000
B16,2026-07-01,1000,0,1000
B16,2026-08-01,1000,0,1000
B16,2026-09-01,1000,0,1000
B16,2026-10-01,1000,0,1000
B16,2026-11-01,1000,0,1000
B16,2026-12-01,1000,0,1000
B17,2025-02-01,600,600,0
B17,2025-03-01,600,600,0
B17,2025-04-01,600,600,0
B17,2025-05-01,600,600,0
B17,2025-06-01,600,600,0
B17,2025-07-01,600,600,0
B17,2025-08-01,600,600,0
B17,2025-09-01,600,600,0
B17,2025-10-01,600,600,0
B17,2025-11-01,600,600,0
B17,2025-12-01,600,600,0
B17,2026-01-01,600,600,0
B17,2026-02-01,600,600,0
B17,2026-03-01,600,600,0
B17,2026-04-01,725,0,725
B17,2026-05-01,725,0,725
B17,2026-06-01,725,0,725
B17,2026-07-01,725,0,725
B17,2026-08-01,725,0,725
B17,2026-09-01,725,0,725
B17,2026-10-01,725,0,725
B17,2026-11-01,725,0,725
B17,2026-12-01,725,0,725
B18,2025-02-01,600,600,0
B18,2025-03-01,600,600,0
B18,2025-04-01,600,600,0
B18,2025-05-01,600,600,0
B18,2025-06-01,600,600,0
B18,2025-07-01,600,600,0
B18,2025-08-01,600,600,0
B18,2025-09-01,600,600,0
B18,2025-10-01,600,600,0
B18,2025-11-01,600,600,0
B18,2025-12-01,600,600,0
B18,2026-01-01,600,600,0
B18,2026-02-01,600,600,0
B18,2026-03-01,600,600,0
B18,2026-04-01,725,0,725
B18,2026-05-01,725,0,725
B18,2026-06-01,725,0,725
B18,2026-07-01,725,0,725
B18,2026-08-01,725,0,725
B18,2026-09-01,725,0,725
B18,2026-10-01,725,0,725
B18,2026-11-01,725,0,725
B18,2026-12-01,725,0,725
B19,2025-02-01,600,600,0
B19,2025-03-01,600,600,0
B19,2025-04-01,600,600,0
B19,2025-05-01,600,600,0
B19,2025-06-01,600,0,0
B19,2025-07-01,600,1200,0
B19,2025-08-01,600,600,0
B19,2025-09-01,600,600,0
B19,2025-10-01,600,0,0
B19,2025-11-01,600,1200,0
B19,2025-12-01,600,1200,0
B19,2026-01-01,600,0,0
B19,2026-02-01,600,600,0
B19,2026-03-01,600,0,600
B19,2026-04-01,725,0,725
B19,2026-05-01,725,0,725
B19,2026-06-01,725,0,725
B19,2026-07-01,725,0,725
B19,2026-08-01,725,0,725
B19,2026-09-01,725,0,725
B19,2026-10-01,725,0,725
B19,2026-11-01,725,0,725
B19,2026-12-01,725,0,725
B20,2025-02-01,600,0,0
B20,2025-03-01,600,1200,0
B20,2025-04-01,600,600,0
B20,2025-05-01,600,600,0
B20,2025-06-01,600,0,0
B20,2025-07-01,600,0,0
B20,2025-08-01,600,1200,0
B20,2025-09-01,600,0,0
B20,2025-10-01,600,1200,0
B20,2025-11-01,600,0,0
B20,2025-12-01,600,1800,0
B20,2026-01-01,600,0,0
B20,2026-02-01,600,1200,0
B20,2026-03-01,600,0,600
B20,2026-04-01,725,0,725
B20,2026-05-01,725,0,725
B20,2026-06-01,725,0,725
B20,2026-07-01,725,0,725
B20,2026-08-01,725,0,725
B20,2026-09-01,725,0,725
B20,2026-10-01,725,0,725
B20,2026-11-01,725,0,725
B20,2026-12-01,725,0,725
B21,2025-02-01,600,600,0
B21,2025-03-01,600,600,0
B21,2025-04-01,600,600,0
B21,2025-05-01,600,600,0
B21,2025-06-01,600,0,0
B21,2025-07-01,600,600,0
B21,2025-08-01,600,1200,0
B21,2025-09-01,600,600,0
B21,2025-10-01,600,600,0
B21,2025-11-01,600,600,0
B21,2025-12-01,600,600,0
B21,2026-01-01,600,600,0
B21,2026-02-01,600,600,0
B21,2026-03-01,600,600,0
B21,2026-04-01,725,0,725
B21,2026-05-01,725,0,725
B21,2026-06-01,725,0,725
B21,2026-07-01,725,0,725
B21,2026-08-01,725,0,725
B21,2026-09-01,725,0,725
B21,2026-10-01,725,0,725
B21,2026-11-01,725,0,725
B21,2026-12-01,725,0,725
B22,2025-02-01,0,0,0
B22,2025-03-01,0,0,0
B22,2025-04-01,0,0,0
B22,2025-05-01,0,0,0
B22,2025-06-01,0,0,0
B22,2025-07-01,0,0,0
B22,2025-08-01,0,0,0
B22,2025-09-01,0,0,0
B22,2025-10-01,0,0,0
B22,2025-11-01,0,0,0
B22,2025-12-01,0,0,0
B22,2026-01-01,0,0,0
B22,2026-02-01,0,0,0
B22,2026-03-01,0,0,0
B22,2026-04-01,0,0,0
B22,2026-05-01,0,0,0
B22,2026-06-01,0,0,0
B22,2026-07-01,0,0,0
B22,2026-08-01,0,0,0
B22,2026-09-01,0,0,0
B22,2026-10-01,0,0,0
B22,2026-11-01,0,0,0
B22,2026-12-01,0,0,0
B23,2025-02-01,600,600,0
B23,2025-03-01,600,600,0
B23,2025-04-01,600,1200,0
B23,2025-05-01,600,600,0
B23,2025-06-01,600,0,0
B23,2025-07-01,600,600,0
B23,2025-08-01,600,0,0
B23,2025-09-01,600,600,0
B23,2025-10-01,600,600,0
B23,2025-11-01,600,600,0
B23,2025-12-01,600,1200,0
B23,2026-01-01,600,0,0
B23,2026-02-01,600,600,0
B23,2026-03-01,600,1200,0
B23,2026-04-01,725,0,725
B23,2026-05-01,725,0,725
B23,2026-06-01,725,0,725
B23,2026-07-01,725,0,725
B23,2026-08-01,725,0,725
B23,2026-09-01,725,0,725
B23,2026-10-01,725,0,725
B23,2026-11-01,725,0,725
B23,2026-12-01,725,0,725
B24,2025-02-01,1000,500,0
B24,2025-03-01,1000,0,0
B24,2025-04-01,1000,1500,0
B24,2025-05-01,0,1000,0
B24,2025-06-01,0,0,0
B24,2025-07-01,0,600,0
B24,2025-08-01,0,0,0
B24,2025-09-01,700,0,0
B24,2025-10-01,500,0,0
B24,2025-11-01,500,1500,0
B24,2025-12-01,500,0,0
B24,2026-01-01,500,600,0
B24,2026-02-01,500,0,0
B24,2026-03-01,500,500,500
B24,2026-04-01,625,0,625
B24,2026-05-01,625,0,625
B24,2026-06-01,625,0,625
B24,2026-07-01,625,0,625
B24,2026-08-01,625,0,625
B24,2026-09-01,625,0,625
B24,2026-10-01,625,0,625
B24,2026-11-01,625,0,625
B24,2026-12-01,625,0,625
B25,2025-02-01,600,600,0
B25,2025-03-01,600,600,0
B25,2025-04-01,600,600,0
B25,2025-05-01,600,600,0
B25,2025-06-01,600,600,0
B25,2025-07-01,600,600,0
B25,2025-08-01,600,600,0
B25,2025-09-01,600,600,0
B25,2025-10-01,600,0,0
B25,2025-11-01,600,1200,0
B25,2025-12-01,600,600,0
B25,2026-01-01,600,600,0
B25,2026-02-01,600,600,0
B25,2026-03-01,600,600,0
B25,2026-04-01,725,725,0
B25,2026-05-01,725,0,725
B25,2026-06-01,725,0,725
B25,2026-07-01,725,0,725
B25,2026-08-01,725,0,725
B25,2026-09-01,725,0,725
B25,2026-10-01,725,0,725
B25,2026-11-01,725,0,725
B25,2026-12-01,725,0,725
B26,2025-02-01,1000,1000,0
B26,2025-03-01,1000,1000,0
B26,2025-04-01,1000,1000,0
B26,2025-05-01,1000,1000,0
B26,2025-06-01,1000,1000,0
B26,2025-07-01,0,0,0
B26,2025-08-01,1000,0,0
B26,2025-09-01,1000,0,0
B26,2025-10-01,1000,0,0
B26,2025-11-01,1000,4000,0
B26,2025-12-01,1000,1000,0
B26,2026-01-01,1000,0,0
B26,2026-02-01,1000,2000,0
B26,2026-03-01,1000,0,1000
B26,2026-04-01,1000,0,1000
B26,2026-05-01,1000,0,1000
B26,2026-06-01,1000,0,1000
B26,2026-07-01,1000,0,1000
B26,2026-08-01,1000,0,1000
B26,2026-09-01,1000,0,1000
B26,2026-10-01,1000,0,1000
B26,2026-11-01,1000,0,1000
B26,2026-12-01,1000,0,1000
B27,2025-02-01,600,0,0
B27,2025-03-01,600,0,0
B27,2025-04-01,600,0,0
B27,2025-05-01,600,1200,0
B27,2025-06-01,0,0,0
B27,2025-07-01,600,1200,0
B27,2025-08-01,600,0,0
B27,2025-09-01,600,1200,0
B27,2025-10-01,600,0,0
B27,2025-11-01,600,1800,0
B27,2025-12-01,600,0,0
B27,2026-01-01,600,0,0
B27,2026-02-01,600,0,0
B27,2026-03-01,600,2400,0
B27,2026-04-01,725,0,725
B27,2026-05-01,725,0,725
B27,2026-06-01,725,0,725
B27,2026-07-01,725,0,725
B27,2026-08-01,725,0,725
B27,2026-09-01,725,0,725
B27,2026-10-01,725,0,725
B27,2026-11-01,725,0,725
B27,2026-12-01,725,0,725
B28,2025-02-01,600,600,0
B28,2025-03-01,600,600,0
B28,2025-04-01,600,600,0
B28,2025-05-01,600,600,0
B28,2025-06-01,600,600,0
B28,2025-07-01,600,0,0
B28,2025-08-01,600,600,0
B28,2025-09-01,600,600,0
B28,2025-10-01,600,600,0
B28,2025-11-01,600,600,0
B28,2025-12-01,600,600,0
B28,2026-01-01,600,600,0
B28,2026-02-01,600,600,0
B28,2026-03-01,600,600,600
B28,2026-04-01,725,0,725
B28,2026-05-01,725,0,725
B28,2026-06-01,725,0,725
B28,2026-07-01,725,0,725
B28,2026-08-01,725,0,725
B28,2026-09-01,725,0,725
B28,2026-10-01,725,0,725
B28,2026-11-01,725,0,725
B28,2026-12-01,725,0,725
B29,2025-02-01,0,0,0
B29,2025-03-01,0,400,0
B29,2025-04-01,0,400,0
B29,2025-05-01,0,0,0
B29,2025-06-01,0,0,0
B29,2025-07-01,0,0,0
B29,2025-08-01,0,0,0
B29,2025-09-01,0,0,0
B29,2025-10-01,0,0,0
B29,2025-11-01,0,0,0
B29,2025-12-01,0,0,0
B29,2026-01-01,0,0,0
B29,2026-02-01,0,0,0
B29,2026-03-01,0,0,0
B29,2026-04-01,0,0,0
B29,2026-05-01,0,0,0
B29,2026-06-01,0,0,0
B29,2026-07-01,0,0,0
B29,2026-08-01,0,0,0
B29,2026-09-01,0,0,0
B29,2026-10-01,0,0,0
B29,2026-11-01,0,0,0
B29,2026-12-01,0,0,0
B30,2025-02-01,600,600,0
B30,2025-03-01,600,600,0
B30,2025-04-01,600,600,0
B30,2025-05-01,600,0,0
B30,2025-06-01,600,0,0
B30,2025-07-01,0,1200,0
B30,2025-08-01,600,0,0
B30,2025-09-01,600,1200,0
B30,2025-10-01,600,0,0
B30,2025-11-01,600,1200,0
B30,2025-12-01,600,0,0
B30,2026-01-01,600,1200,0
B30,2026-02-01,600,600,0
B30,2026-03-01,600,0,600
B30,2026-04-01,725,0,725
B30,2026-05-01,725,0,725
B30,2026-06-01,725,0,725
B30,2026-07-01,725,0,725
B30,2026-08-01,725,0,725
B30,2026-09-01,725,0,725
B30,2026-10-01,725,0,725
B30,2026-11-01,725,0,725
B30,2026-12-01,725,0,725
B31,2025-02-01,600,600,0
B31,2025-03-01,600,600,0
B31,2025-04-01,600,600,0
B31,2025-05-01,600,600,0
B31,2025-06-01,600,600,0
B31,2025-07-01,0,0,0
B31,2025-08-01,600,600,0
B31,2025-09-01,600,0,0
B31,2025-10-01,600,600,0
B31,2025-11-01,600,1200,0
B31,2025-12-01,600,600,0
B31,2026-01-01,600,600,0
B31,2026-02-01,600,600,0
B31,2026-03-01,600,600,0
B31,2026-04-01,800,0,800
B31,2026-05-01,800,0,800
B31,2026-06-01,800,0,800
B31,2026-07-01,800,0,800
B31,2026-08-01,800,0,800
B31,2026-09-01,800,0,800
B31,2026-10-01,800,0,800
B31,2026-11-01,800,0,800
B31,2026-12-01,800,0,800
B32,2025-02-01,600,600,0
B32,2025-03-01,600,0,0
B32,2025-04-01,600,1200,0
B32,2025-05-01,600,600,0
B32,2025-06-01,600,600,0
B32,2025-07-01,600,600,0
B32,2025-08-01,600,600,0
B32,2025-09-01,600,0,0
B32,2025-10-01,600,1200,0
B32,2025-11-01,600,0,0
B32,2025-12-01,600,0,0
B32,2026-01-01,600,1200,0
B32,2026-02-01,600,600,0
B32,2026-03-01,600,1200,0
B32,2026-04-01,725,0,725
B32,2026-05-01,725,0,725
B32,2026-06-01,725,0,725
B32,2026-07-01,725,0,725
B32,2026-08-01,725,0,725
B32,2026-09-01,725,0,725
B32,2026-10-01,725,0,725
B32,2026-11-01,725,0,725
B32,2026-12-01,725,0,725
B33,2025-02-01,600,600,0
B33,2025-03-01,600,1200,0
B33,2025-04-01,600,600,0
B33,2025-05-01,600,600,0
B33,2025-06-01,600,600,0
B33,2025-07-01,600,0,0
B33,2025-08-01,600,600,0
B33,2025-09-01,600,600,0
B33,2025-10-01,600,0,0
B33,2025-11-01,600,1200,0
B33,2025-12-01,600,1200,0
B33,2026-01-01,600,0,0
B33,2026-02-01,600,0,0
B33,2026-03-01,600,1200,0
B33,2026-04-01,725,0,725
B33,2026-05-01,725,0,725
B33,2026-06-01,725,0,725
B33,2026-07-01,725,0,725
B33,2026-08-01,725,0,725
B33,2026-09-01,725,0,725
B33,2026-10-01,725,0,725
B33,2026-11-01,725,0,725
B33,2026-12-01,725,0,725
B34,2025-02-01,600,600,0
B34,2025-03-01,600,600,0
B34,2025-04-01,600,600,0
B34,2025-05-01,600,600,0
B34,2025-06-01,600,600,0
B34,2025-07-01,600,600,0
B34,2025-08-01,600,600,0
B34,2025-09-01,600,600,0
B34,2025-10-01,600,600,0
B34,2025-11-01,600,600,0
B34,2025-12-01,600,600,0
B34,2026-01-01,600,600,0
B34,2026-02-01,600,600,0
B34,2026-03-01,600,600,0
B34,2026-04-01,725,0,725
B34,2026-05-01,725,0,725
B34,2026-06-01,725,0,725
B34,2026-07-01,725,0,725
B34,2026-08-01,725,0,725
B34,2026-09-01,725,0,725
B34,2026-10-01,725,0,725
B34,2026-11-01,725,0,725
B34,2026-12-01,725,0,725
B35,2025-02-01,600,600,0
B35,2025-03-01,600,600,0
B35,2025-04-01,600,600,0
B35,2025-05-01,600,600,0
B35,2025-06-01,0,0,0
B35,2025-07-01,600,600,0
B35,2025-08-01,600,600,0
B35,2025-09-01,600,600,0
B35,2025-10-01,600,600,0
B35,2025-11-01,600,600,0
B35,2025-12-01,600,1200,0
B35,2026-01-01,600,0,0
B35,2026-02-01,600,600,0
B35,2026-03-01,600,600,0
B35,2026-04-01,725,0,725
B35,2026-05-01,725,0,725
B35,2026-06-01,725,0,725
B35,2026-07-01,725,0,725
B35,2026-08-01,725,0,725
B35,2026-09-01,725,0,725
B35,2026-10-01,725,0,725
B35,2026-11-01,725,0,725
B35,2026-12-01,725,0,725
B36,2025-02-01,600,600,0
B36,2025-03-01,600,600,0
B36,2025-04-01,600,600,0
B36,2025-05-01,600,600,0
B36,2025-06-01,600,600,0
B36,2025-07-01,600,600,0
B36,2025-08-01,600,600,0
B36,2025-09-01,600,600,0
B36,2025-10-01,600,600,0
B36,2025-11-01,600,0,0
B36,2025-12-01,600,600,0
B36,2026-01-01,600,600,600
B36,2026-02-01,600,0,600
B36,2026-03-01,600,0,600
B36,2026-04-01,725,0,725
B36,2026-05-01,725,0,725
B36,2026-06-01,725,0,725
B36,2026-07-01,725,0,725
B36,2026-08-01,725,0,725
B36,2026-09-01,725,0,725
B36,2026-10-01,725,0,725
B36,2026-11-01,725,0,725
B36,2026-12-01,725,0,725
B37,2025-02-01,1200,1200,0
B37,2025-03-01,1200,1200,0
B37,2025-04-01,1200,1200,0
B37,2025-05-01,1200,1200,0
B37,2025-06-01,1200,1200,0
B37,2025-07-01,1200,1200,0
B37,2025-08-01,1200,1200,0
B37,2025-09-01,1200,1200,0
B37,2025-10-01,1200,1200,0
B37,2025-11-01,1200,1200,0
B37,2025-12-01,1200,1200,0
B37,2026-01-01,1200,1200,0
B37,2026-02-01,1200,1200,0
B37,2026-03-01,1200,1200,0
B37,2026-04-01,1450,0,1450
B37,2026-05-01,1450,0,1450
B37,2026-06-01,1450,0,1450
B37,2026-07-01,1450,0,1450
B37,2026-08-01,1450,0,1450
B37,2026-09-01,1450,0,1450
B37,2026-10-01,1450,0,1450
B37,2026-11-01,1450,0,1450
B37,2026-12-01,1450,0,1450
B38,2025-02-01,0,0,0
B38,2025-03-01,0,0,0
B38,2025-04-01,0,0,0
B38,2025-05-01,0,0,0
B38,2025-06-01,0,0,0
B38,2025-07-01,0,0,0
B38,2025-08-01,0,0,0
B38,2025-09-01,0,0,0
B38,2025-10-01,0,0,0
B38,2025-11-01,0,0,0
B38,2025-12-01,0,0,0
B38,2026-01-01,0,0,0
B38,2026-02-01,0,0,0
B38,2026-03-01,0,0,0
B38,2026-04-01,0,0,0
B38,2026-05-01,0,0,0
B38,2026-06-01,0,0,0
B38,2026-07-01,0,0,0
B38,2026-08-01,0,0,0
B38,2026-09-01,0,0,0
B38,2026-10-01,0,0,0
B38,2026-11-01,0,0,0
B38,2026-12-01,0,0,0
B39,2025-02-01,0,0,0
B39,2025-03-01,0,0,0
B39,2025-04-01,0,0,0
B39,2025-05-01,0,0,0
B39,2025-06-01,0,0,0
B39,2025-07-01,0,0,0
B39,2025-08-01,0,0,0
B39,2025-09-01,0,0,0
B39,2025-10-01,0,0,0
B39,2025-11-01,0,0,0
B39,2025-12-01,0,0,0
B39,2026-01-01,0,0,0
B39,2026-02-01,0,0,0
B39,2026-03-01,0,0,0
B39,2026-04-01,0,0,0
B39,2026-05-01,0,0,0
B39,2026-06-01,0,0,0
B39,2026-07-01,0,0,0
B39,2026-08-01,0,0,0
B39,2026-09-01,0,0,0
B39,2026-10-01,0,0,0
B39,2026-11-01,0,0,0
B39,2026-12-01,0,0,0
B40,2025-02-01,800,800,0
B40,2025-03-01,800,0,0
B40,2025-04-01,800,1600,0
B40,2025-05-01,800,800,0
B40,2025-06-01,0,800,0
B40,2025-07-01,0,0,0
B40,2025-08-01,800,800,0
B40,2025-09-01,800,0,0
B40,2025-10-01,800,1600,0
B40,2025-11-01,800,0,0
B40,2025-12-01,800,0,0
B40,2026-01-01,800,800,0
B40,2026-02-01,800,800,0
B40,2026-03-01,800,1600,0
B40,2026-04-01,925,0,925
B40,2026-05-01,925,0,925
B40,2026-06-01,925,0,925
B40,2026-07-01,925,0,925
B40,2026-08-01,925,0,925
B40,2026-09-01,925,0,925
B40,2026-10-01,925,0,925
B40,2026-11-01,925,0,925
B40,2026-12-01,925,0,925
B41,2025-02-01,0,0,0
B41,2025-03-01,0,0,0
B41,2025-04-01,0,0,0
B41,2025-05-01,0,0,0
B41,2025-06-01,0,0,0
B41,2025-07-01,0,0,0
B41,2025-08-01,0,0,0
B41,2025-09-01,0,0,0
B41,2025-10-01,0,0,0
B41,2025-11-01,0,0,0
B41,2025-12-01,0,0,0
B41,2026-01-01,0,0,0
B41,2026-02-01,0,0,0
B41,2026-03-01,0,0,0
B41,2026-04-01,0,0,0
B41,2026-05-01,0,0,0
B41,2026-06-01,0,0,0
B41,2026-07-01,0,0,0
B41,2026-08-01,0,0,0
B41,2026-09-01,0,0,0
B41,2026-10-01,0,0,0
B41,2026-11-01,0,0,0
B41,2026-12-01,0,0,0
B42,2025-02-01,600,0,0
B42,2025-03-01,600,1800,0
B42,2025-04-01,600,0,0
B42,2025-05-01,600,0,0
B42,2025-06-01,600,0,0
B42,2025-07-01,600,0,0
B42,2025-08-01,600,0,0
B42,2025-09-01,600,2400,0
B42,2025-10-01,600,0,0
B42,2025-11-01,600,0,0
B42,2025-12-01,600,0,0
B42,2026-01-01,600,0,0
B42,2026-02-01,600,0,0
B42,2026-03-01,600,4200,0
B42,2026-04-01,725,0,725
B42,2026-05-01,725,0,725
B42,2026-06-01,725,0,725
B42,2026-07-01,725,0,725
B42,2026-08-01,725,0,725
B42,2026-09-01,725,0,725
B42,2026-10-01,725,0,725
B42,2026-11-01,725,0,725
B42,2026-12-01,725,0,725
B43,2025-02-01,0,0,0
B43,2025-03-01,0,0,0
B43,2025-04-01,0,0,0
B43,2025-05-01,0,0,0
B43,2025-06-01,0,0,0
B43,2025-07-01,0,0,0
B43,2025-08-01,0,0,0
B43,2025-09-01,0,0,0
B43,2025-10-01,0,0,0
B43,2025-11-01,0,0,0
B43,2025-12-01,0,0,0
B43,2026-01-01,0,0,0
B43,2026-02-01,0,0,0
B43,2026-03-01,0,0,0
B43,2026-04-01,0,0,0
B43,2026-05-01,0,0,0
B43,2026-06-01,0,0,0
B43,2026-07-01,0,0,0
B43,2026-08-01,0,0,0
B43,2026-09-01,0,0,0
B43,2026-10-01,0,0,0
B43,2026-11-01,0,0,0
B43,2026-12-01,0,0,0
C01,2025-02-01,0,0,0
C01,2025-03-01,0,0,0
C01,2025-04-01,0,0,0
C01,2025-05-01,0,0,0
C01,2025-06-01,0,0,0
C01,2025-07-01,0,0,0
C01,2025-08-01,0,0,0
C01,2025-09-01,0,0,0
C01,2025-10-01,0,0,0
C01,2025-11-01,0,0,0
C01,2025-12-01,0,0,0
C01,2026-01-01,0,0,0
C01,2026-02-01,0,0,0
C01,2026-03-01,0,0,0
C01,2026-04-01,0,0,0
C01,2026-05-01,0,0,0
C01,2026-06-01,0,0,0
C01,2026-07-01,0,0,0
C01,2026-08-01,0,0,0
C01,2026-09-01,0,0,0
C01,2026-10-01,0,0,0
C01,2026-11-01,0,0,0
C01,2026-12-01,0,0,0
C02,2025-02-01,600,600,0
C02,2025-03-01,600,600,0
C02,2025-04-01,600,600,0
C02,2025-05-01,600,600,0
C02,2025-06-01,600,600,0
C02,2025-07-01,600,600,0
C02,2025-08-01,600,600,0
C02,2025-09-01,600,600,0
C02,2025-10-01,600,600,0
C02,2025-11-01,600,600,0
C02,2025-12-01,600,600,0
C02,2026-01-01,600,600,0
C02,2026-02-01,600,600,0
C02,2026-03-01,600,600,0
C02,2026-04-01,725,0,725
C02,2026-05-01,725,0,725
C02,2026-06-01,725,0,725
C02,2026-07-01,725,0,725
C02,2026-08-01,725,0,725
C02,2026-09-01,725,0,725
C02,2026-10-01,725,0,725
C02,2026-11-01,725,0,725
C02,2026-12-01,725,0,725
C03,2025-02-01,0,600,0
C03,2025-03-01,600,600,0
C03,2025-04-01,600,600,0
C03,2025-05-01,600,600,0
C03,2025-06-01,600,600,0
C03,2025-07-01,600,600,0
C03,2025-08-01,600,600,0
C03,2025-09-01,600,600,0
C03,2025-10-01,600,600,0
C03,2025-11-01,600,0,0
C03,2025-12-01,600,600,0
C03,2026-01-01,600,600,0
C03,2026-02-01,600,600,0
C03,2026-03-01,600,600,0
C03,2026-04-01,725,0,725
C03,2026-05-01,725,0,725
C03,2026-06-01,725,0,725
C03,2026-07-01,725,0,725
C03,2026-08-01,725,0,725
C03,2026-09-01,725,0,725
C03,2026-10-01,725,0,725
C03,2026-11-01,725,0,725
C03,2026-12-01,725,0,725
C04,2025-02-01,600,600,0
C04,2025-03-01,600,600,0
C04,2025-04-01,600,600,0
C04,2025-05-01,600,600,0
C04,2025-06-01,600,600,0
C04,2025-07-01,600,0,0
C04,2025-08-01,600,1200,0
C04,2025-09-01,600,600,0
C04,2025-10-01,600,600,0
C04,2025-11-01,600,1200,0
C04,2025-12-01,600,0,0
C04,2026-01-01,600,600,0
C04,2026-02-01,600,600,0
C04,2026-03-01,600,600,0
C04,2026-04-01,725,0,725
C04,2026-05-01,725,0,725
C04,2026-06-01,725,0,725
C04,2026-07-01,725,0,725
C04,2026-08-01,725,0,725
C04,2026-09-01,725,0,725
C04,2026-10-01,725,0,725
C04,2026-11-01,725,0,725
C04,2026-12-01,725,0,725
C05,2025-02-01,0,0,0
C05,2025-03-01,0,0,0
C05,2025-04-01,0,0,0
C05,2025-05-01,0,0,0
C05,2025-06-01,0,0,0
C05,2025-07-01,0,0,0
C05,2025-08-01,0,0,0
C05,2025-09-01,0,0,0
C05,2025-10-01,0,0,0
C05,2025-11-01,0,0,0
C05,2025-12-01,0,0,0
C05,2026-01-01,0,0,0
C05,2026-02-01,0,0,0
C05,2026-03-01,0,0,0
C05,2026-04-01,0,0,0
C05,2026-05-01,0,0,0
C05,2026-06-01,0,0,0
C05,2026-07-01,0,0,0
C05,2026-08-01,0,0,0
C05,2026-09-01,0,0,0
C05,2026-10-01,0,0,0
C05,2026-11-01,0,0,0
C05,2026-12-01,0,0,0
C06,2025-02-01,600,600,0
C06,2025-03-01,600,600,0
C06,2025-04-01,600,600,0
C06,2025-05-01,600,600,0
C06,2025-06-01,600,600,0
C06,2025-07-01,600,4200,0
C06,2025-08-01,600,0,0
C06,2025-09-01,600,0,0
C06,2025-10-01,600,0,0
C06,2025-11-01,600,0,0
C06,2025-12-01,600,0,0
C06,2026-01-01,600,0,0
C06,2026-02-01,600,7200,0
C06,2026-03-01,600,0,0
C06,2026-04-01,600,0,0
C06,2026-05-01,600,0,0
C06,2026-06-01,600,0,0
C06,2026-07-01,600,0,0
C06,2026-08-01,600,0,0
C06,2026-09-01,600,0,0
C06,2026-10-01,600,0,0
C06,2026-11-01,600,0,0
C06,2026-12-01,600,0,0
C07,2025-02-01,0,0,0
C07,2025-03-01,0,0,0
C07,2025-04-01,0,0,0
C07,2025-05-01,0,0,0
C07,2025-06-01,0,0,0
C07,2025-07-01,0,0,0
C07,2025-08-01,0,0,0
C07,2025-09-01,0,0,0
C07,2025-10-01,0,0,0
C07,2025-11-01,0,0,0
C07,2025-12-01,0,0,0
C07,2026-01-01,0,0,0
C07,2026-02-01,0,0,0
C07,2026-03-01,0,0,0
C07,2026-04-01,0,0,0
C07,2026-05-01,0,0,0
C07,2026-06-01,0,0,0
C07,2026-07-01,0,0,0
C07,2026-08-01,0,0,0
C07,2026-09-01,0,0,0
C07,2026-10-01,0,0,0
C07,2026-11-01,0,0,0
C07,2026-12-01,0,0,0
C08,2025-02-01,0,0,0
C08,2025-03-01,0,0,0
C08,2025-04-01,0,0,0
C08,2025-05-01,0,0,0
C08,2025-06-01,0,0,0
C08,2025-07-01,0,0,0
C08,2025-08-01,0,0,0
C08,2025-09-01,0,0,0
C08,2025-10-01,0,0,0
C08,2025-11-01,0,0,0
C08,2025-12-01,0,0,0
C08,2026-01-01,0,0,0
C08,2026-02-01,0,0,0
C08,2026-03-01,0,0,0
C08,2026-04-01,0,0,0
C08,2026-05-01,0,0,0
C08,2026-06-01,0,0,0
C08,2026-07-01,0,0,0
C08,2026-08-01,0,0,0
C08,2026-09-01,0,0,0
C08,2026-10-01,0,0,0
C08,2026-11-01,0,0,0
C08,2026-12-01,0,0,0
C09,2025-02-01,0,0,0
C09,2025-03-01,0,0,0
C09,2025-04-01,0,0,0
C09,2025-05-01,0,0,0
C09,2025-06-01,0,0,0
C09,2025-07-01,0,0,0
C09,2025-08-01,0,0,0
C09,2025-09-01,0,0,0
C09,2025-10-01,0,0,0
C09,2025-11-01,0,0,0
C09,2025-12-01,0,0,0
C09,2026-01-01,0,0,0
C09,2026-02-01,0,0,0
C09,2026-03-01,0,0,0
C09,2026-04-01,0,0,0
C09,2026-05-01,0,0,0
C09,2026-06-01,0,0,0
C09,2026-07-01,0,0,0
C09,2026-08-01,0,0,0
C09,2026-09-01,0,0,0
C09,2026-10-01,0,0,0
C09,2026-11-01,0,0,0
C09,2026-12-01,0,0,0
C10,2025-02-01,600,600,0
C10,2025-03-01,600,600,0
C10,2025-04-01,600,600,0
C10,2025-05-01,600,600,0
C10,2025-06-01,600,0,0
C10,2025-07-01,600,0,0
C10,2025-08-01,600,1200,0
C10,2025-09-01,600,0,0
C10,2025-10-01,600,0,0
C10,2025-11-01,600,1200,0
C10,2025-12-01,600,0,0
C10,2026-01-01,600,1800,0
C10,2026-02-01,600,600,600
C10,2026-03-01,600,0,600
C10,2026-04-01,725,0,725
C10,2026-05-01,725,0,725
C10,2026-06-01,725,0,725
C10,2026-07-01,725,0,725
C10,2026-08-01,725,0,725
C10,2026-09-01,725,0,725
C10,2026-10-01,725,0,725
C10,2026-11-01,725,0,725
C10,2026-12-01,725,0,725
C11,2025-02-01,0,0,0
C11,2025-03-01,0,0,0
C11,2025-04-01,0,0,0
C11,2025-05-01,0,0,0
C11,2025-06-01,0,0,0
C11,2025-07-01,0,0,0
C11,2025-08-01,0,0,0
C11,2025-09-01,0,0,0
C11,2025-10-01,0,0,0
C11,2025-11-01,0,0,0
C11,2025-12-01,0,0,0
C11,2026-01-01,0,0,0
C11,2026-02-01,0,0,0
C11,2026-03-01,0,0,0
C11,2026-04-01,0,0,0
C11,2026-05-01,0,0,0
C11,2026-06-01,0,0,0
C11,2026-07-01,0,0,0
C11,2026-08-01,0,0,0
C11,2026-09-01,0,0,0
C11,2026-10-01,0,0,0
C11,2026-11-01,0,0,0
C11,2026-12-01,0,0,0
C12,2025-02-01,600,1200,0
C12,2025-03-01,600,0,0
C12,2025-04-01,600,1200,0
C12,2025-05-01,600,600,0
C12,2025-06-01,600,600,0
C12,2025-07-01,600,0,0
C12,2025-08-01,600,1200,0
C12,2025-09-01,600,0,0
C12,2025-10-01,600,0,0
C12,2025-11-01,600,600,0
C12,2025-12-01,600,0,0
C12,2026-01-01,600,1800,0
C12,2026-02-01,600,0,600
C12,2026-03-01,600,0,600
C12,2026-04-01,725,0,725
C12,2026-05-01,725,0,725
C12,2026-06-01,725,0,725
C12,2026-07-01,725,0,725
C12,2026-08-01,725,0,725
C12,2026-09-01,725,0,725
C12,2026-10-01,725,0,725
C12,2026-11-01,725,0,725
C12,2026-12-01,725,0,725
C13,2025-02-01,0,0,0
C13,2025-03-01,0,500,0
C13,2025-04-01,0,500,0
C13,2025-05-01,0,500,0
C13,2025-06-01,0,500,0
C13,2025-07-01,0,0,0
C13,2025-08-01,0,500,0
C13,2025-09-01,0,0,0
C13,2025-10-01,0,0,0
C13,2025-11-01,0,0,0
C13,2025-12-01,0,1000,0
C13,2026-01-01,0,500,0
C13,2026-02-01,0,0,0
C13,2026-03-01,0,0,0
C13,2026-04-01,0,0,0
C13,2026-05-01,0,0,0
C13,2026-06-01,0,0,0
C13,2026-07-01,0,0,0
C13,2026-08-01,0,0,0
C13,2026-09-01,0,0,0
C13,2026-10-01,0,0,0
C13,2026-11-01,0,0,0
C13,2026-12-01,0,0,0
C14,2025-02-01,800,800,0
C14,2025-03-01,800,0,0
C14,2025-04-01,800,2400,0
C14,2025-05-01,800,800,0
C14,2025-06-01,800,0,0
C14,2025-07-01,800,0,0
C14,2025-08-01,800,2400,0
C14,2025-09-01,800,0,0
C14,2025-10-01,800,0,0
C14,2025-11-01,800,0,0
C14,2025-12-01,800,2400,0
C14,2026-01-01,800,0,800
C14,2026-02-01,800,0,800
C14,2026-03-01,800,0,800
C14,2026-04-01,925,0,925
C14,2026-05-01,925,0,925
C14,2026-06-01,925,0,925
C14,2026-07-01,925,0,925
C14,2026-08-01,925,0,925
C14,2026-09-01,925,0,925
C14,2026-10-01,925,0,925
C14,2026-11-01,925,0,925
C14,2026-12-01,925,0,925
C15,2025-02-01,500,500,0
C15,2025-03-01,500,0,0
C15,2025-04-01,500,1000,0
C15,2025-05-01,500,500,0
C15,2025-06-01,0,0,0
C15,2025-07-01,500,500,0
C15,2025-08-01,0,0,0
C15,2025-09-01,500,0,0
C15,2025-10-01,500,0,0
C15,2025-11-01,500,1000,0
C15,2025-12-01,500,0,0
C15,2026-01-01,500,1000,0
C15,2026-02-01,500,0,0
C15,2026-03-01,500,1000,500
C15,2026-04-01,625,0,625
C15,2026-05-01,625,0,625
C15,2026-06-01,625,0,625
C15,2026-07-01,625,0,625
C15,2026-08-01,625,0,625
C15,2026-09-01,625,0,625
C15,2026-10-01,625,0,625
C15,2026-11-01,625,0,625
C15,2026-12-01,625,0,625
C16,2025-02-01,600,1200,0
C16,2025-03-01,600,0,0
C16,2025-04-01,600,1200,0
C16,2025-05-01,600,0,0
C16,2025-06-01,600,0,0
C16,2025-07-01,600,0,0
C16,2025-08-01,600,1200,0
C16,2025-09-01,600,600,0
C16,2025-10-01,600,600,0
C16,2025-11-01,600,1800,0
C16,2025-12-01,600,0,0
C16,2026-01-01,600,0,0
C16,2026-02-01,600,600,0
C16,2026-03-01,600,1200,0
C16,2026-04-01,725,0,725
C16,2026-05-01,725,0,725
C16,2026-06-01,725,0,725
C16,2026-07-01,725,0,725
C16,2026-08-01,725,0,725
C16,2026-09-01,725,0,725
C16,2026-10-01,725,0,725
C16,2026-11-01,725,0,725
C16,2026-12-01,725,0,725
C17,2025-02-01,600,1200,0
C17,2025-03-01,600,0,0
C17,2025-04-01,600,1200,0
C17,2025-05-01,600,600,0
C17,2025-06-01,600,0,0
C17,2025-07-01,0,0,0
C17,2025-08-01,600,600,0
C17,2025-09-01,600,0,0
C17,2025-10-01,600,1800,0
C17,2025-11-01,600,0,0
C17,2025-12-01,600,0,0
C17,2026-01-01,600,1200,0
C17,2026-02-01,600,0,0
C17,2026-03-01,600,600,600
C17,2026-04-01,725,0,725
C17,2026-05-01,725,0,725
C17,2026-06-01,725,0,725
C17,2026-07-01,725,0,725
C17,2026-08-01,725,0,725
C17,2026-09-01,725,0,725
C17,2026-10-01,725,0,725
C17,2026-11-01,725,0,725
C17,2026-12-01,725,0,725
C18,2025-02-01,600,600,0
C18,2025-03-01,600,600,0
C18,2025-04-01,600,600,0
C18,2025-05-01,600,600,0
C18,2025-06-01,600,600,0
C18,2025-07-01,600,0,0
C18,2025-08-01,600,1200,0
C18,2025-09-01,600,0,0
C18,2025-10-01,600,1200,0
C18,2025-11-01,600,0,0
C18,2025-12-01,600,1200,0
C18,2026-01-01,600,0,0
C18,2026-02-01,600,1200,0
C18,2026-03-01,600,0,600
C18,2026-04-01,725,0,725
C18,2026-05-01,725,0,725
C18,2026-06-01,725,0,725
C18,2026-07-01,725,0,725
C18,2026-08-01,725,0,725
C18,2026-09-01,725,0,725
C18,2026-10-01,725,0,725
C18,2026-11-01,725,0,725
C18,2026-12-01,725,0,725
C19,2025-02-01,600,600,0
C19,2025-03-01,600,600,0
C19,2025-04-01,600,600,0
C19,2025-05-01,600,600,0
C19,2025-06-01,600,600,0
C19,2025-07-01,600,600,0
C19,2025-08-01,600,600,0
C19,2025-09-01,600,0,0
C19,2025-10-01,600,600,0
C19,2025-11-01,600,600,0
C19,2025-12-01,600,600,0
C19,2026-01-01,600,0,0
C19,2026-02-01,600,1200,0
C19,2026-03-01,0,600,0
C19,2026-04-01,725,0,725
C19,2026-05-01,725,0,725
C19,2026-06-01,725,0,725
C19,2026-07-01,725,0,725
C19,2026-08-01,725,0,725
C19,2026-09-01,725,0,725
C19,2026-10-01,725,0,725
C19,2026-11-01,725,0,725
C19,2026-12-01,725,0,725
C20,2025-02-01,600,1200,0
C20,2025-03-01,600,0,0
C20,2025-04-01,600,600,0
C20,2025-05-01,600,1200,0
C20,2025-06-01,600,0,0
C20,2025-07-01,600,1200,0
C20,2025-08-01,600,600,0
C20,2025-09-01,600,0,0
C20,2025-10-01,600,600,0
C20,2025-11-01,600,600,0
C20,2025-12-01,600,600,0
C20,2026-01-01,600,600,0
C20,2026-02-01,600,1200,0
C20,2026-03-01,600,0,0
C20,2026-04-01,725,0,725
C20,2026-05-01,725,0,725
C20,2026-06-01,725,0,725
C20,2026-07-01,725,0,725
C20,2026-08-01,725,0,725
C20,2026-09-01,725,0,725
C20,2026-10-01,725,0,725
C20,2026-11-01,725,0,725
C20,2026-12-01,725,0,725
C21,2025-02-01,600,1200,0
C21,2025-03-01,600,600,0
C21,2025-04-01,600,600,0
C21,2025-05-01,600,600,0
C21,2025-06-01,600,600,0
C21,2025-07-01,600,0,0
C21,2025-08-01,600,600,0
C21,2025-09-01,600,0,0
C21,2025-10-01,600,0,0
C21,2025-11-01,600,2400,0
C21,2025-12-01,600,0,0
C21,2026-01-01,600,0,0
C21,2026-02-01,600,0,0
C21,2026-03-01,600,7200,0
C21,2026-04-01,600,0,0
C21,2026-05-01,600,0,0
C21,2026-06-01,600,0,0
C21,2026-07-01,600,0,0
C21,2026-08-01,600,0,0
C21,2026-09-01,600,0,0
C21,2026-10-01,600,0,0
C21,2026-11-01,600,0,0
C21,2026-12-01,600,0,0
C22,2025-02-01,600,600,0
C22,2025-03-01,600,600,0
C22,2025-04-01,600,600,0
C22,2025-05-01,600,600,0
C22,2025-06-01,600,600,0
C22,2025-07-01,600,0,0
C22,2025-08-01,600,0,0
C22,2025-09-01,600,2400,0
C22,2025-10-01,600,0,0
C22,2025-11-01,600,600,0
C22,2025-12-01,600,600,0
C22,2026-01-01,600,600,0
C22,2026-02-01,600,600,0
C22,2026-03-01,600,600,0
C22,2026-04-01,725,0,725
C22,2026-05-01,725,0,725
C22,2026-06-01,725,0,725
C22,2026-07-01,725,0,725
C22,2026-08-01,725,0,725
C22,2026-09-01,725,0,725
C22,2026-10-01,725,0,725
C22,2026-11-01,725,0,725
C22,2026-12-01,725,0,725
C23,2025-02-01,0,0,0
C23,2025-03-01,0,0,0
C23,2025-04-01,0,0,0
C23,2025-05-01,0,0,0
C23,2025-06-01,0,0,0
C23,2025-07-01,0,0,0
C23,2025-08-01,0,0,0
C23,2025-09-01,0,0,0
C23,2025-10-01,0,0,0
C23,2025-11-01,0,0,0
C23,2025-12-01,0,0,0
C23,2026-01-01,0,0,0
C23,2026-02-01,0,0,0
C23,2026-03-01,0,0,0
C23,2026-04-01,0,0,0
C23,2026-05-01,0,0,0
C23,2026-06-01,0,0,0
C23,2026-07-01,0,0,0
C23,2026-08-01,0,0,0
C23,2026-09-01,0,0,0
C23,2026-10-01,0,0,0
C23,2026-11-01,0,0,0
C23,2026-12-01,0,0,0
C24,2025-02-01,600,0,0
C24,2025-03-01,600,1200,0
C24,2025-04-01,600,600,0
C24,2025-05-01,600,600,0
C24,2025-06-01,600,0,0
C24,2025-07-01,600,1200,0
C24,2025-08-01,600,600,0
C24,2025-09-01,600,600,0
C24,2025-10-01,600,1200,0
C24,2025-11-01,600,0,0
C24,2025-12-01,600,1200,0
C24,2026-01-01,600,0,0
C24,2026-02-01,600,0,0
C24,2026-03-01,600,1200,0
C24,2026-04-01,725,0,725
C24,2026-05-01,725,0,725
C24,2026-06-01,725,0,725
C24,2026-07-01,725,0,725
C24,2026-08-01,725,0,725
C24,2026-09-01,725,0,725
C24,2026-10-01,725,0,725
C24,2026-11-01,725,0,725
C24,2026-12-01,725,0,725
C25,2025-02-01,600,600,0
C25,2025-03-01,600,0,0
C25,2025-04-01,600,1200,0
C25,2025-05-01,600,600,0
C25,2025-06-01,600,0,0
C25,2025-07-01,600,600,0
C25,2025-08-01,600,1200,0
C25,2025-09-01,600,600,0
C25,2025-10-01,600,600,0
C25,2025-11-01,600,600,0
C25,2025-12-01,600,0,0
C25,2026-01-01,600,1200,0
C25,2026-02-01,600,600,0
C25,2026-03-01,600,5400,0
C25,2026-04-01,600,0,0
C25,2026-05-01,600,0,0
C25,2026-06-01,600,0,0
C25,2026-07-01,600,0,0
C25,2026-08-01,600,0,0
C25,2026-09-01,600,0,0
C25,2026-10-01,600,0,0
C25,2026-11-01,600,0,0
C25,2026-12-01,600,0,600
C26,2025-02-01,600,600,0
C26,2025-03-01,600,600,0
C26,2025-04-01,600,600,0
C26,2025-05-01,600,600,0
C26,2025-06-01,0,0,0
C26,2025-07-01,0,0,0
C26,2025-08-01,600,600,0
C26,2025-09-01,600,0,0
C26,2025-10-01,600,0,0
C26,2025-11-01,600,2400,0
C26,2025-12-01,600,0,0
C26,2026-01-01,600,0,0
C26,2026-02-01,600,0,0
C26,2026-03-01,600,1800,0
C26,2026-04-01,725,0,725
C26,2026-05-01,725,0,725
C26,2026-06-01,725,0,725
C26,2026-07-01,725,0,725
C26,2026-08-01,725,0,725
C26,2026-09-01,725,0,725
C26,2026-10-01,725,0,725
C26,2026-11-01,725,0,725
C26,2026-12-01,725,0,725
C27,2025-02-01,800,0,0
C27,2025-03-01,800,0,0
C27,2025-04-01,800,2400,0
C27,2025-05-01,800,800,0
C27,2025-06-01,800,0,0
C27,2025-07-01,800,0,0
C27,2025-08-01,800,1600,0
C27,2025-09-01,800,0,0
C27,2025-10-01,800,0,0
C27,2025-11-01,800,1800,0
C27,2025-12-01,800,0,0
C27,2026-01-01,800,0,0
C27,2026-02-01,800,0,0
C27,2026-03-01,800,4600,0
C27,2026-04-01,925,0,925
C27,2026-05-01,925,0,925
C27,2026-06-01,925,0,925
C27,2026-07-01,925,0,925
C27,2026-08-01,925,0,925
C27,2026-09-01,925,0,925
C27,2026-10-01,925,0,925
C27,2026-11-01,925,0,925
C27,2026-12-01,925,0,925
C28,2025-02-01,600,600,0
C28,2025-03-01,600,600,0
C28,2025-04-01,600,600,0
C28,2025-05-01,600,600,0
C28,2025-06-01,600,0,0
C28,2025-07-01,600,600,0
C28,2025-08-01,600,0,0
C28,2025-09-01,600,1200,0
C28,2025-10-01,600,0,0
C28,2025-11-01,600,1200,0
C28,2025-12-01,600,0,0
C28,2026-01-01,600,0,0
C28,2026-02-01,600,1800,0
C28,2026-03-01,600,1200,0
C28,2026-04-01,725,0,725
C28,2026-05-01,725,0,725
C28,2026-06-01,725,0,725
C28,2026-07-01,725,0,725
C28,2026-08-01,725,0,725
C28,2026-09-01,725,0,725
C28,2026-10-01,725,0,725
C28,2026-11-01,725,0,725
C28,2026-12-01,725,0,725
C29,2025-02-01,600,600,0
C29,2025-03-01,600,600,0
C29,2025-04-01,600,600,0
C29,2025-05-01,600,600,0
C29,2025-06-01,600,0,0
C29,2025-07-01,600,1200,0
C29,2025-08-01,600,600,0
C29,2025-09-01,600,2400,0
C29,2025-10-01,600,0,0
C29,2025-11-01,600,0,0
C29,2025-12-01,600,0,0
C29,2026-01-01,600,3600,0
C29,2026-02-01,600,0,0
C29,2026-03-01,600,0,0
C29,2026-04-01,600,0,0
C29,2026-05-01,600,0,0
C29,2026-06-01,600,0,0
C29,2026-07-01,725,0,725
C29,2026-08-01,725,0,725
C29,2026-09-01,725,0,725
C29,2026-10-01,725,0,725
C29,2026-11-01,725,0,725
C29,2026-12-01,725,0,725
C30,2025-02-01,0,0,0
C30,2025-03-01,0,0,0
C30,2025-04-01,0,0,0
C30,2025-05-01,0,0,0
C30,2025-06-01,0,0,0
C30,2025-07-01,0,0,0
C30,2025-08-01,0,0,0
C30,2025-09-01,0,0,0
C30,2025-10-01,0,0,0
C30,2025-11-01,0,0,0
C30,2025-12-01,0,0,0
C30,2026-01-01,0,0,0
C30,2026-02-01,0,0,0
C30,2026-03-01,0,0,0
C30,2026-04-01,0,0,0
C30,2026-05-01,0,0,0
C30,2026-06-01,0,0,0
C30,2026-07-01,0,0,0
C30,2026-08-01,0,0,0
C30,2026-09-01,0,0,0
C30,2026-10-01,0,0,0
C30,2026-11-01,0,0,0
C30,2026-12-01,0,0,0
C31,2025-02-01,600,0,0
C31,2025-03-01,600,2100,0
C31,2025-04-01,600,0,0
C31,2025-05-01,600,0,0
C31,2025-06-01,600,0,0
C31,2025-07-01,600,0,0
C31,2025-08-01,600,0,0
C31,2025-09-01,600,2700,0
C31,2025-10-01,600,0,0
C31,2025-11-01,600,0,0
C31,2025-12-01,600,1800,0
C31,2026-01-01,600,0,600
C31,2026-02-01,600,0,600
C31,2026-03-01,600,0,600
C31,2026-04-01,725,0,725
C31,2026-05-01,725,0,725
C31,2026-06-01,725,0,725
C31,2026-07-01,725,0,725
C31,2026-08-01,725,0,725
C31,2026-09-01,725,0,725
C31,2026-10-01,725,0,725
C31,2026-11-01,725,0,725
C31,2026-12-01,725,0,725
C32,2025-02-01,0,0,0
C32,2025-03-01,0,0,0
C32,2025-04-01,0,0,0
C32,2025-05-01,0,0,0
C32,2025-06-01,0,0,0
C32,2025-07-01,0,0,0
C32,2025-08-01,0,0,0
C32,2025-09-01,600,600,0
C32,2025-10-01,600,0,600
C32,2025-11-01,600,0,600
C32,2025-12-01,600,0,600
C32,2026-01-01,600,0,600
C32,2026-02-01,600,0,600
C32,2026-03-01,600,0,600
C32,2026-04-01,725,0,725
C32,2026-05-01,725,0,725
C32,2026-06-01,725,0,725
C32,2026-07-01,725,0,725
C32,2026-08-01,725,0,725
C32,2026-09-01,725,0,725
C32,2026-10-01,725,0,725
C32,2026-11-01,725,0,725
C32,2026-12-01,725,0,725
C33,2025-02-01,800,800,0
C33,2025-03-01,800,0,0
C33,2025-04-01,800,1600,0
C33,2025-05-01,800,0,0
C33,2025-06-01,800,0,0
C33,2025-07-01,800,2400,0
C33,2025-08-01,800,0,0
C33,2025-09-01,800,800,0
C33,2025-10-01,800,0,0
C33,2025-11-01,800,1600,0
C33,2025-12-01,800,0,0
C33,2026-01-01,800,1600,0
C33,2026-02-01,800,0,0
C33,2026-03-01,800,1600,800
C33,2026-04-01,925,0,925
C33,2026-05-01,925,0,925
C33,2026-06-01,925,0,925
C33,2026-07-01,925,0,925
C33,2026-08-01,925,0,925
C33,2026-09-01,925,0,925
C33,2026-10-01,925,0,925
C33,2026-11-01,925,0,925
C33,2026-12-01,925,0,925
C34,2025-02-01,0,0,0
C34,2025-03-01,0,0,0
C34,2025-04-01,0,0,0
C34,2025-05-01,0,0,0
C34,2025-06-01,0,0,0
C34,2025-07-01,0,0,0
C34,2025-08-01,0,0,0
C34,2025-09-01,0,0,0
C34,2025-10-01,0,0,0
C34,2025-11-01,0,0,0
C34,2025-12-01,0,0,0
C34,2026-01-01,0,0,0
C34,2026-02-01,0,0,0
C34,2026-03-01,0,0,0
C34,2026-04-01,0,0,0
C34,2026-05-01,0,0,0
C34,2026-06-01,0,0,0
C34,2026-07-01,0,0,0
C34,2026-08-01,0,0,0
C34,2026-09-01,0,0,0
C34,2026-10-01,0,0,0
C34,2026-11-01,0,0,0
C34,2026-12-01,0,0,0
C35,2025-02-01,600,600,0
C35,2025-03-01,600,600,0
C35,2025-04-01,600,600,0
C35,2025-05-01,600,600,0
C35,2025-06-01,600,600,0
C35,2025-07-01,0,0,0
C35,2025-08-01,600,600,0
C35,2025-09-01,600,600,0
C35,2025-10-01,600,600,0
C35,2025-11-01,600,600,0
C35,2025-12-01,600,600,0
C35,2026-01-01,600,600,0
C35,2026-02-01,600,600,0
C35,2026-03-01,600,600,0
C35,2026-04-01,725,0,725
C35,2026-05-01,725,0,725
C35,2026-06-01,725,0,725
C35,2026-07-01,725,0,725
C35,2026-08-01,725,0,725
C35,2026-09-01,725,0,725
C35,2026-10-01,725,0,725
C35,2026-11-01,725,0,725
C35,2026-12-01,725,0,725
C36,2025-02-01,0,0,0
C36,2025-03-01,0,0,0
C36,2025-04-01,0,0,0
C36,2025-05-01,0,0,0
C36,2025-06-01,0,0,0
C36,2025-07-01,0,0,0
C36,2025-08-01,0,0,0
C36,2025-09-01,0,0,0
C36,2025-10-01,0,0,0
C36,2025-11-01,0,0,0
C36,2025-12-01,0,0,0
C36,2026-01-01,0,0,0
C36,2026-02-01,0,0,0
C36,2026-03-01,0,0,0
C36,2026-04-01,0,0,0
C36,2026-05-01,0,0,0
C36,2026-06-01,0,0,0
C36,2026-07-01,0,0,0
C36,2026-08-01,0,0,0
C36,2026-09-01,0,0,0
C36,2026-10-01,0,0,0
C36,2026-11-01,0,0,0
C36,2026-12-01,0,0,0
C37,2025-02-01,1700,1700,0
C37,2025-03-01,1700,1700,0
C37,2025-04-01,1700,1700,0
C37,2025-05-01,1700,1700,0
C37,2025-06-01,1700,1700,0
C37,2025-07-01,1700,1700,0
C37,2025-08-01,1700,1700,0
C37,2025-09-01,1700,1700,0
C37,2025-10-01,1700,1700,0
C37,2025-11-01,1700,1700,0
C37,2025-12-01,1700,1700,0
C37,2026-01-01,1700,1700,0
C37,2026-02-01,1700,1700,0
C37,2026-03-01,1700,1700,0
C37,2026-04-01,1700,0,1700
C37,2026-05-01,1700,0,1700
C37,2026-06-01,1700,0,1700
C37,2026-07-01,1700,0,1700
C37,2026-08-01,1700,0,1700
C37,2026-09-01,1700,0,1700
C37,2026-10-01,1700,0,1700
C37,2026-11-01,1700,0,1700
C37,2026-12-01,1700,0,1700
C38-1,2025-02-01,1100,1500,0
C38-1,2025-03-01,1500,1500,0
C38-1,2025-04-01,1500,1500,0
C38-1,2025-05-01,2000,2000,0
C38-1,2025-06-01,2000,2000,0
C38-1,2025-07-01,0,0,0
C38-1,2025-08-01,2000,2000,0
C38-1,2025-09-01,2000,2000,0
C38-1,2025-10-01,2000,2000,0
C38-1,2025-11-01,2000,2000,0
C38-1,2025-12-01,2000,1600,0
C38-1,2026-01-01,2000,2000,0
C38-1,2026-02-01,2000,2000,0
C38-1,2026-03-01,2000,2000,0
C38-1,2026-04-01,2500,0,2500
C38-1,2026-05-01,2500,0,2500
C38-1,2026-06-01,2500,0,2500
C38-1,2026-07-01,2500,0,2500
C38-1,2026-08-01,2500,0,2500
C38-1,2026-09-01,2500,0,2500
C38-1,2026-10-01,2500,0,2500
C38-1,2026-11-01,2500,0,2500
C38-1,2026-12-01,2500,0,2500
C38-2,2025-02-01,600,600,0
C38-2,2025-03-01,600,600,0
C38-2,2025-04-01,600,600,0
C38-2,2025-05-01,600,600,0
C38-2,2025-06-01,600,600,0
C38-2,2025-07-01,600,0,0
C38-2,2025-08-01,600,1200,0
C38-2,2025-09-01,600,600,0
C38-2,2025-10-01,600,600,0
C38-2,2025-11-01,600,600,0
C38-2,2025-12-01,600,600,0
C38-2,2026-01-01,600,600,0
C38-2,2026-02-01,600,600,0
C38-2,2026-03-01,600,600,0
C38-2,2026-04-01,725,0,725
C38-2,2026-05-01,725,0,725
C38-2,2026-06-01,725,0,725
C38-2,2026-07-01,725,0,725
C38-2,2026-08-01,725,0,725
C38-2,2026-09-01,725,0,725
C38-2,2026-10-01,725,0,725
C38-2,2026-11-01,725,0,725
C38-2,2026-12-01,725,0,725
C39,2025-02-01,600,600,0
C39,2025-03-01,600,0,0
C39,2025-04-01,600,1800,0
C39,2025-05-01,600,0,0
C39,2025-06-01,600,0,0
C39,2025-07-01,600,1200,0
C39,2025-08-01,600,600,0
C39,2025-09-01,600,0,0
C39,2025-10-01,600,0,0
C39,2025-11-01,600,1800,0
C39,2025-12-01,600,0,0
C39,2026-01-01,600,0,0
C39,2026-02-01,600,3600,0
C39,2026-03-01,600,0,0
C39,2026-04-01,600,0,0
C39,2026-05-01,600,0,0
C39,2026-06-01,725,0,725
C39,2026-07-01,725,0,725
C39,2026-08-01,725,0,725
C39,2026-09-01,725,0,725
C39,2026-10-01,725,0,725
C39,2026-11-01,725,0,725
C39,2026-12-01,725,0,725
C40,2025-02-01,600,600,0
C40,2025-03-01,600,600,0
C40,2025-04-01,600,600,0
C40,2025-05-01,600,600,0
C40,2025-06-01,600,600,0
C40,2025-07-01,600,0,0
C40,2025-08-01,600,3600,0
C40,2025-09-01,600,0,0
C40,2025-10-01,600,0,0
C40,2025-11-01,600,0,0
C40,2025-12-01,600,0,0
C40,2026-01-01,600,0,0
C40,2026-02-01,600,7200,0
C40,2026-03-01,600,0,0
C40,2026-04-01,600,0,0
C40,2026-05-01,600,0,0
C40,2026-06-01,600,0,0
C40,2026-07-01,600,0,0
C40,2026-08-01,600,0,0
C40,2026-09-01,600,0,0
C40,2026-10-01,600,0,0
C40,2026-11-01,600,0,0
C40,2026-12-01,600,0,0
C41,2025-02-01,0,0,0
C41,2025-03-01,0,0,0
C41,2025-04-01,0,0,0
C41,2025-05-01,0,0,0
C41,2025-06-01,0,0,0
C41,2025-07-01,0,0,0
C41,2025-08-01,0,0,0
C41,2025-09-01,0,0,0
C41,2025-10-01,0,0,0
C41,2025-11-01,0,0,0
C41,2025-12-01,0,0,0
C41,2026-01-01,0,0,0
C41,2026-02-01,0,0,0
C41,2026-03-01,0,0,0
C41,2026-04-01,0,0,0
C41,2026-05-01,0,0,0
C41,2026-06-01,0,0,0
C41,2026-07-01,0,0,0
C41,2026-08-01,0,0,0
C41,2026-09-01,0,0,0
C41,2026-10-01,0,0,0
C41,2026-11-01,0,0,0
C41,2026-12-01,0,0,0
C42,2025-02-01,1000,0,0
C42,2025-03-01,1000,1000,0
C42,2025-04-01,1000,0,0
C42,2025-05-01,1000,3000,0
C42,2025-06-01,1000,0,0
C42,2025-07-01,1000,0,0
C42,2025-08-01,1000,0,0
C42,2025-09-01,1000,3000,0
C42,2025-10-01,1000,0,0
C42,2025-11-01,1000,0,0
C42,2025-12-01,1000,3000,1000
C42,2026-01-01,1000,0,1000
C42,2026-02-01,1000,0,1000
C42,2026-03-01,1000,0,1000
C42,2026-04-01,1000,0,1000
C42,2026-05-01,1000,0,1000
C42,2026-06-01,1000,0,1000
C42,2026-07-01,1000,0,1000
C42,2026-08-01,1000,0,1000
C42,2026-09-01,1000,0,1000
C42,2026-10-01,1000,0,1000
C42,2026-11-01,1000,0,1000
C42,2026-12-01,1000,0,1000
D01,2025-02-01,600,600,0
D01,2025-03-01,600,600,0
D01,2025-04-01,600,600,0
D01,2025-05-01,600,600,0
D01,2025-06-01,600,600,0
D01,2025-07-01,600,600,0
D01,2025-08-01,600,600,0
D01,2025-09-01,600,600,0
D01,2025-10-01,600,600,0
D01,2025-11-01,600,600,0
D01,2025-12-01,600,600,0
D01,2026-01-01,600,600,0
D01,2026-02-01,600,600,0
D01,2026-03-01,600,0,0
D01,2026-04-01,725,725,600
D01,2026-05-01,725,0,725
D01,2026-06-01,725,0,725
D01,2026-07-01,725,0,725
D01,2026-08-01,725,0,725
D01,2026-09-01,725,0,725
D01,2026-10-01,725,0,725
D01,2026-11-01,725,0,725
D01,2026-12-01,725,0,725
D02,2025-02-01,4000,4000,0
D02,2025-03-01,4000,4000,0
D02,2025-04-01,4000,4000,0
D02,2025-05-01,4000,4000,0
D02,2025-06-01,4000,4000,0
D02,2025-07-01,0,0,0
D02,2025-08-01,4000,4000,0
D02,2025-09-01,4000,4000,0
D02,2025-10-01,4000,4000,0
D02,2025-11-01,4000,4000,0
D02,2025-12-01,0,0,0
D02,2026-01-01,4000,4000,0
D02,2026-02-01,4000,4000,0
D02,2026-03-01,4000,4000,0
D02,2026-04-01,4000,0,4000
D02,2026-05-01,4000,0,4000
D02,2026-06-01,4000,0,4000
D02,2026-07-01,4000,0,4000
D02,2026-08-01,4000,0,4000
D02,2026-09-01,4000,0,4000
D02,2026-10-01,4000,0,4000
D02,2026-11-01,4000,0,4000
D02,2026-12-01,0,0,0
D03,2025-02-01,600,600,0
D03,2025-03-01,600,600,0
D03,2025-04-01,600,600,0
D03,2025-05-01,600,600,0
D03,2025-06-01,600,600,0
D03,2025-07-01,600,600,0
D03,2025-08-01,600,600,0
D03,2025-09-01,600,600,0
D03,2025-10-01,600,600,0
D03,2025-11-01,600,1200,0
D03,2025-12-01,600,0,0
D03,2026-01-01,600,600,0
D03,2026-02-01,600,600,0
D03,2026-03-01,600,0,600
D03,2026-04-01,725,0,725
D03,2026-05-01,725,0,725
D03,2026-06-01,725,0,725
D03,2026-07-01,725,0,725
D03,2026-08-01,725,0,725
D03,2026-09-01,725,0,725
D03,2026-10-01,725,0,725
D03,2026-11-01,725,0,725
D03,2026-12-01,725,0,725
D04,2025-02-01,600,1200,0
D04,2025-03-01,600,600,0
D04,2025-04-01,600,600,0
D04,2025-05-01,600,600,0
D04,2025-06-01,600,0,0
D04,2025-07-01,600,1200,0
D04,2025-08-01,600,0,0
D04,2025-09-01,600,0,0
D04,2025-10-01,600,0,0
D04,2025-11-01,600,0,0
D04,2025-12-01,600,0,0
D04,2026-01-01,600,0,0
D04,2026-02-01,600,0,0
D04,2026-03-01,600,3600,600
D04,2026-04-01,725,0,725
D04,2026-05-01,725,0,725
D04,2026-06-01,725,0,725
D04,2026-07-01,725,0,725
D04,2026-08-01,725,0,725
D04,2026-09-01,725,0,725
D04,2026-10-01,725,0,725
D04,2026-11-01,725,0,725
D04,2026-12-01,725,0,725
D05,2025-02-01,1000,1000,0
D05,2025-03-01,1000,1000,0
D05,2025-04-01,1000,1000,0
D05,2025-05-01,1000,1000,0
D05,2025-06-01,0,0,0
D05,2025-07-01,1000,1000,0
D05,2025-08-01,1000,1000,0
D05,2025-09-01,1000,1000,0
D05,2025-10-01,1000,1000,0
D05,2025-11-01,1000,1000,0
D05,2025-12-01,1000,0,0
D05,2026-01-01,1000,2000,0
D05,2026-02-01,1000,0,1000
D05,2026-03-01,1000,0,1000
D05,2026-04-01,1000,0,1000
D05,2026-05-01,1000,0,1000
D05,2026-06-01,1000,0,1000
D05,2026-07-01,1000,0,1000
D05,2026-08-01,1000,0,1000
D05,2026-09-01,1000,0,1000
D05,2026-10-01,1000,0,1000
D05,2026-11-01,1000,0,1000
D05,2026-12-01,1000,0,1000
D06,2025-02-01,0,0,0
D06,2025-03-01,0,0,0
D06,2025-04-01,0,0,0
D06,2025-05-01,0,0,0
D06,2025-06-01,0,0,0
D06,2025-07-01,0,0,0
D06,2025-08-01,0,0,0
D06,2025-09-01,0,0,0
D06,2025-10-01,0,0,0
D06,2025-11-01,0,0,0
D06,2025-12-01,0,0,0
D06,2026-01-01,0,0,0
D06,2026-02-01,0,0,0
D06,2026-03-01,0,0,0
D06,2026-04-01,0,0,0
D06,2026-05-01,0,0,0
D06,2026-06-01,0,0,0
D06,2026-07-01,0,0,0
D06,2026-08-01,0,0,0
D06,2026-09-01,0,0,0
D06,2026-10-01,0,0,0
D06,2026-11-01,0,0,0
D06,2026-12-01,0,0,0
D07,2025-02-01,1000,1000,0
D07,2025-03-01,1000,1000,0
D07,2025-04-01,1000,1000,0
D07,2025-05-01,1000,1000,0
D07,2025-06-01,1000,1000,0
D07,2025-07-01,1000,0,0
D07,2025-08-01,1000,0,0
D07,2025-09-01,1000,3000,0
D07,2025-10-01,1000,1000,0
D07,2025-11-01,1000,1000,0
D07,2025-12-01,1000,1000,0
D07,2026-01-01,1000,1000,0
D07,2026-02-01,1000,1000,0
D07,2026-03-01,1000,1000,0
D07,2026-04-01,1000,0,1000
D07,2026-05-01,1000,0,1000
D07,2026-06-01,1000,0,1000
D07,2026-07-01,1000,0,1000
D07,2026-08-01,1000,0,1000
D07,2026-09-01,1000,0,1000
D07,2026-10-01,1000,0,1000
D07,2026-11-01,1000,0,1000
D07,2026-12-01,1000,0,1000
D08,2025-02-01,1500,1500,0
D08,2025-03-01,1500,1500,0
D08,2025-04-01,1500,1500,0
D08,2025-05-01,1500,1500,0
D08,2025-06-01,1500,1500,0
D08,2025-07-01,0,0,0
D08,2025-08-01,1500,1500,0
D08,2025-09-01,1500,1500,0
D08,2025-10-01,1500,1500,0
D08,2025-11-01,1500,1500,0
D08,2025-12-01,1500,1500,0
D08,2026-01-01,1500,1500,0
D08,2026-02-01,1500,3000,0
D08,2026-03-01,1500,0,0
D08,2026-04-01,1500,0,1500
D08,2026-05-01,1500,0,1500
D08,2026-06-01,1500,0,1500
D08,2026-07-01,1500,0,1500
D08,2026-08-01,1500,0,1500
D08,2026-09-01,1500,0,1500
D08,2026-10-01,1500,0,1500
D08,2026-11-01,1500,0,1500
D08,2026-12-01,1500,0,1500
D09,2025-02-01,650,650,0
D09,2025-03-01,650,650,0
D09,2025-04-01,650,650,0
D09,2025-05-01,650,650,0
D09,2025-06-01,650,0,0
D09,2025-07-01,650,650,0
D09,2025-08-01,650,1300,0
D09,2025-09-01,650,650,0
D09,2025-10-01,650,650,0
D09,2025-11-01,650,0,0
D09,2025-12-01,650,1300,0
D09,2026-01-01,650,0,0
D09,2026-02-01,650,1300,0
D09,2026-03-01,650,0,650
D09,2026-04-01,775,0,775
D09,2026-05-01,775,0,775
D09,2026-06-01,775,0,775
D09,2026-07-01,775,0,775
D09,2026-08-01,775,0,775
D09,2026-09-01,775,0,775
D09,2026-10-01,775,0,775
D09,2026-11-01,775,0,775
D09,2026-12-01,775,0,775
D10,2025-02-01,0,0,0
D10,2025-03-01,0,0,0
D10,2025-04-01,0,0,0
D10,2025-05-01,0,0,0
D10,2025-06-01,0,0,0
D10,2025-07-01,0,0,0
D10,2025-08-01,0,0,0
D10,2025-09-01,0,0,0
D10,2025-10-01,0,0,0
D10,2025-11-01,0,0,0
D10,2025-12-01,0,0,0
D10,2026-01-01,0,0,0
D10,2026-02-01,0,0,0
D10,2026-03-01,0,0,0
D10,2026-04-01,0,0,0
D10,2026-05-01,0,0,0
D10,2026-06-01,0,0,0
D10,2026-07-01,0,0,0
D10,2026-08-01,0,0,0
D10,2026-09-01,0,0,0
D10,2026-10-01,0,0,0
D10,2026-11-01,0,0,0
D10,2026-12-01,0,0,0
D11,2025-02-01,1000,0,0
D11,2025-03-01,1000,2000,0
D11,2025-04-01,1000,1000,0
D11,2025-05-01,1000,1000,0
D11,2025-06-01,1000,0,0
D11,2025-07-01,1000,2000,0
D11,2025-08-01,1000,1000,0
D11,2025-09-01,1000,1000,0
D11,2025-10-01,1000,0,0
D11,2025-11-01,1000,1000,0
D11,2025-12-01,1000,2000,0
D11,2026-01-01,1000,0,0
D11,2026-02-01,1000,2000,0
D11,2026-03-01,1000,1000,0
D11,2026-04-01,1000,0,1000
D11,2026-05-01,1000,0,1000
D11,2026-06-01,1000,0,1000
D11,2026-07-01,1000,0,1000
D11,2026-08-01,1000,0,1000
D11,2026-09-01,1000,0,1000
D11,2026-10-01,1000,0,1000
D11,2026-11-01,1000,0,1000
D11,2026-12-01,1000,0,1000
D12,2025-02-01,600,600,0
D12,2025-03-01,600,600,0
D12,2025-04-01,600,600,0
D12,2025-05-01,600,600,0
D12,2025-06-01,600,0,0
D12,2025-07-01,600,600,0
D12,2025-08-01,600,600,0
D12,2025-09-01,600,600,0
D12,2025-10-01,600,1200,0
D12,2025-11-01,600,0,0
D12,2025-12-01,600,600,0
D12,2026-01-01,600,1200,0
D12,2026-02-01,600,0,0
D12,2026-03-01,600,600,600
D12,2026-04-01,725,0,725
D12,2026-05-01,725,0,725
D12,2026-06-01,725,0,725
D12,2026-07-01,725,0,725
D12,2026-08-01,725,0,725
D12,2026-09-01,725,0,725
D12,2026-10-01,725,0,725
D12,2026-11-01,725,0,725
D12,2026-12-01,725,0,725
D13,2025-02-01,0,0,0
D13,2025-03-01,0,0,0
D13,2025-04-01,0,0,0
D13,2025-05-01,0,0,0
D13,2025-06-01,0,0,0
D13,2025-07-01,0,0,0
D13,2025-08-01,0,0,0
D13,2025-09-01,0,0,0
D13,2025-10-01,0,0,0
D13,2025-11-01,0,0,0
D13,2025-12-01,0,0,0
D13,2026-01-01,0,0,0
D13,2026-02-01,0,0,0
D13,2026-03-01,0,0,0
D13,2026-04-01,0,0,0
D13,2026-05-01,0,0,0
D13,2026-06-01,0,0,0
D13,2026-07-01,0,0,0
D13,2026-08-01,0,0,0
D13,2026-09-01,0,0,0
D13,2026-10-01,0,0,0
D13,2026-11-01,0,0,0
D13,2026-12-01,0,0,0
D14,2025-02-01,1500,1000,0
D14,2025-03-01,1500,1500,0
D14,2025-04-01,1500,2000,0
D14,2025-05-01,1500,1500,0
D14,2025-06-01,1500,0,0
D14,2025-07-01,1500,1500,0
D14,2025-08-01,1500,1500,0
D14,2025-09-01,1500,1500,0
D14,2025-10-01,1500,3000,0
D14,2025-11-01,1000,0,0
D14,2025-12-01,1000,1000,0
D14,2026-01-01,1000,2000,0
D14,2026-02-01,1000,0,0
D14,2026-03-01,1500,1000,1500
D14,2026-04-01,1875,0,1875
D14,2026-05-01,1875,0,1875
D14,2026-06-01,1875,0,1875
D14,2026-07-01,1875,0,1875
D14,2026-08-01,1875,0,1875
D14,2026-09-01,1875,0,1875
D14,2026-10-01,1875,0,1875
D14,2026-11-01,1875,0,1875
D14,2026-12-01,1875,0,1875
D15,2025-02-01,0,0,0
D15,2025-03-01,0,0,0
D15,2025-04-01,0,0,0
D15,2025-05-01,0,0,0
D15,2025-06-01,0,0,0
D15,2025-07-01,0,0,0
D15,2025-08-01,0,0,0
D15,2025-09-01,0,0,0
D15,2025-10-01,0,0,0
D15,2025-11-01,0,0,0
D15,2025-12-01,0,0,0
D15,2026-01-01,0,0,0
D15,2026-02-01,0,0,0
D15,2026-03-01,0,0,0
D15,2026-04-01,0,0,0
D15,2026-05-01,0,0,0
D15,2026-06-01,0,0,0
D15,2026-07-01,0,0,0
D15,2026-08-01,0,0,0
D15,2026-09-01,0,0,0
D15,2026-10-01,0,0,0
D15,2026-11-01,0,0,0
D15,2026-12-01,0,0,0
D16,2025-02-01,600,600,0
D16,2025-03-01,600,600,0
D16,2025-04-01,600,600,0
D16,2025-05-01,600,0,0
D16,2025-06-01,600,0,0
D16,2025-07-01,800,1200,0
D16,2025-08-01,800,0,0
D16,2025-09-01,800,1600,0
D16,2025-10-01,800,0,0
D16,2025-11-01,800,800,0
D16,2025-12-01,800,0,0
D16,2026-01-01,800,1600,0
D16,2026-02-01,800,0,800
D16,2026-03-01,800,1600,800
D16,2026-04-01,925,0,925
D16,2026-05-01,925,0,925
D16,2026-06-01,925,0,925
D16,2026-07-01,925,0,925
D16,2026-08-01,925,0,925
D16,2026-09-01,925,0,925
D16,2026-10-01,925,0,925
D16,2026-11-01,925,0,925
D16,2026-12-01,925,0,925
D17,2025-02-01,0,0,0
D17,2025-03-01,0,0,0
D17,2025-04-01,0,0,0
D17,2025-05-01,0,0,0
D17,2025-06-01,0,0,0
D17,2025-07-01,0,0,0
D17,2025-08-01,0,0,0
D17,2025-09-01,0,0,0
D17,2025-10-01,0,0,0
D17,2025-11-01,0,0,0
D17,2025-12-01,0,0,0
D17,2026-01-01,0,0,0
D17,2026-02-01,0,0,0
D17,2026-03-01,0,0,0
D17,2026-04-01,0,0,0
D17,2026-05-01,0,0,0
D17,2026-06-01,0,0,0
D17,2026-07-01,0,0,0
D17,2026-08-01,0,0,0
D17,2026-09-01,0,0,0
D17,2026-10-01,0,0,0
D17,2026-11-01,0,0,0
D17,2026-12-01,0,0,0
D18,2025-02-01,600,600,0
D18,2025-03-01,600,0,0
D18,2025-04-01,600,600,0
D18,2025-05-01,600,1200,0
D18,2025-06-01,600,600,0
D18,2025-07-01,0,0,0
D18,2025-08-01,600,0,0
D18,2025-09-01,600,0,0
D18,2025-10-01,600,600,0
D18,2025-11-01,600,1200,0
D18,2025-12-01,600,0,0
D18,2026-01-01,600,600,400
D18,2026-02-01,600,800,600
D18,2026-03-01,600,0,600
D18,2026-04-01,725,0,725
D18,2026-05-01,725,0,725
D18,2026-06-01,725,0,725
D18,2026-07-01,725,0,725
D18,2026-08-01,725,0,725
D18,2026-09-01,725,0,725
D18,2026-10-01,725,0,725
D18,2026-11-01,725,0,725
D18,2026-12-01,725,0,725
D19,2025-02-01,0,0,0
D19,2025-03-01,0,0,0
D19,2025-04-01,600,600,0
D19,2025-05-01,600,600,0
D19,2025-06-01,600,0,0
D19,2025-07-01,600,600,600
D19,2025-08-01,600,0,600
D19,2025-09-01,600,0,600
D19,2025-10-01,600,0,600
D19,2025-11-01,600,0,600
D19,2025-12-01,600,0,600
D19,2026-01-01,600,0,600
D19,2026-02-01,600,0,600
D19,2026-03-01,600,0,600
D19,2026-04-01,725,0,725
D19,2026-05-01,725,0,725
D19,2026-06-01,725,0,725
D19,2026-07-01,725,0,725
D19,2026-08-01,725,0,725
D19,2026-09-01,725,0,725
D19,2026-10-01,725,0,725
D19,2026-11-01,725,0,725
D19,2026-12-01,725,0,725
D20,2025-02-01,600,600,0
D20,2025-03-01,600,600,0
D20,2025-04-01,600,1200,0
D20,2025-05-01,600,600,0
D20,2025-06-01,600,0,0
D20,2025-07-01,600,600,0
D20,2025-08-01,600,600,0
D20,2025-09-01,600,0,0
D20,2025-10-01,600,1200,0
D20,2025-11-01,600,0,0
D20,2025-12-01,600,1200,0
D20,2026-01-01,600,0,0
D20,2026-02-01,600,1200,0
D20,2026-03-01,600,0,600
D20,2026-04-01,725,0,725
D20,2026-05-01,725,0,725
D20,2026-06-01,725,0,725
D20,2026-07-01,725,0,725
D20,2026-08-01,725,0,725
D20,2026-09-01,725,0,725
D20,2026-10-01,725,0,725
D20,2026-11-01,725,0,725
D20,2026-12-01,725,0,725
D21,2025-02-01,600,600,0
D21,2025-03-01,600,0,0
D21,2025-04-01,600,1200,0
D21,2025-05-01,600,600,0
D21,2025-06-01,600,0,0
D21,2025-07-01,0,600,0
D21,2025-08-01,600,600,0
D21,2025-09-01,600,1200,0
D21,2025-10-01,600,0,0
D21,2025-11-01,600,1200,0
D21,2025-12-01,600,0,0
D21,2026-01-01,600,0,0
D21,2026-02-01,600,1200,0
D21,2026-03-01,600,0,600
D21,2026-04-01,725,0,725
D21,2026-05-01,725,0,725
D21,2026-06-01,725,0,725
D21,2026-07-01,725,0,725
D21,2026-08-01,725,0,725
D21,2026-09-01,725,0,725
D21,2026-10-01,725,0,725
D21,2026-11-01,725,0,725
D21,2026-12-01,725,0,725
D22,2025-02-01,600,600,0
D22,2025-03-01,600,600,0
D22,2025-04-01,600,600,0
D22,2025-05-01,600,600,0
D22,2025-06-01,0,0,0
D22,2025-07-01,600,600,0
D22,2025-08-01,600,600,0
D22,2025-09-01,600,0,0
D22,2025-10-01,600,1200,0
D22,2025-11-01,600,1200,0
D22,2025-12-01,600,0,0
D22,2026-01-01,600,1800,0
D22,2026-02-01,600,0,0
D22,2026-03-01,600,0,0
D22,2026-04-01,725,0,725
D22,2026-05-01,725,0,725
D22,2026-06-01,725,0,725
D22,2026-07-01,725,0,725
D22,2026-08-01,725,0,725
D22,2026-09-01,725,0,725
D22,2026-10-01,725,0,725
D22,2026-11-01,725,0,725
D22,2026-12-01,725,0,725
D23,2025-02-01,600,600,0
D23,2025-03-01,600,0,0
D23,2025-04-01,600,1200,0
D23,2025-05-01,600,600,0
D23,2025-06-01,600,0,0
D23,2025-07-01,600,1200,0
D23,2025-08-01,0,0,0
D23,2025-09-01,600,600,0
D23,2025-10-01,600,1200,0
D23,2025-11-01,600,0,0
D23,2025-12-01,600,600,0
D23,2026-01-01,600,600,0
D23,2026-02-01,600,600,0
D23,2026-03-01,600,600,0
D23,2026-04-01,725,0,725
D23,2026-05-01,725,0,725
D23,2026-06-01,725,0,725
D23,2026-07-01,725,0,725
D23,2026-08-01,725,0,725
D23,2026-09-01,725,0,725
D23,2026-10-01,725,0,725
D23,2026-11-01,725,0,725
D23,2026-12-01,725,0,725
D24,2025-02-01,0,0,0
D24,2025-03-01,0,0,0
D24,2025-04-01,0,0,0
D24,2025-05-01,0,0,0
D24,2025-06-01,0,0,0
D24,2025-07-01,0,0,0
D24,2025-08-01,0,0,0
D24,2025-09-01,0,0,0
D24,2025-10-01,0,0,0
D24,2025-11-01,0,0,0
D24,2025-12-01,0,0,0
D24,2026-01-01,0,0,0
D24,2026-02-01,0,0,0
D24,2026-03-01,0,0,0
D24,2026-04-01,0,0,0
D24,2026-05-01,0,0,0
D24,2026-06-01,0,0,0
D24,2026-07-01,0,0,0
D24,2026-08-01,0,0,0
D24,2026-09-01,0,0,0
D24,2026-10-01,0,0,0
D24,2026-11-01,0,0,0
D24,2026-12-01,0,0,0
D25,2025-02-01,0,0,0
D25,2025-03-01,0,0,0
D25,2025-04-01,0,0,0
D25,2025-05-01,0,0,0
D25,2025-06-01,0,0,0
D25,2025-07-01,0,0,0
D25,2025-08-01,0,0,0
D25,2025-09-01,0,0,0
D25,2025-10-01,0,0,0
D25,2025-11-01,0,0,0
D25,2025-12-01,0,0,0
D25,2026-01-01,0,0,0
D25,2026-02-01,0,0,0
D25,2026-03-01,0,0,0
D25,2026-04-01,0,0,0
D25,2026-05-01,0,0,0
D25,2026-06-01,0,0,0
D25,2026-07-01,0,0,0
D25,2026-08-01,0,0,0
D25,2026-09-01,0,0,0
D25,2026-10-01,0,0,0
D25,2026-11-01,0,0,0
D25,2026-12-01,0,0,0
D26,2025-02-01,0,0,0
D26,2025-03-01,0,0,0
D26,2025-04-01,0,0,0
D26,2025-05-01,0,0,0
D26,2025-06-01,0,0,0
D26,2025-07-01,0,0,0
D26,2025-08-01,0,0,0
D26,2025-09-01,0,0,0
D26,2025-10-01,0,0,0
D26,2025-11-01,0,0,0
D26,2025-12-01,0,0,0
D26,2026-01-01,0,0,0
D26,2026-02-01,0,0,0
D26,2026-03-01,0,0,0
D26,2026-04-01,0,0,0
D26,2026-05-01,0,0,0
D26,2026-06-01,0,0,0
D26,2026-07-01,0,0,0
D26,2026-08-01,0,0,0
D26,2026-09-01,0,0,0
D26,2026-10-01,0,0,0
D26,2026-11-01,0,0,0
D26,2026-12-01,0,0,0
D27,2025-02-01,0,0,0
D27,2025-03-01,0,0,0
D27,2025-04-01,0,0,0
D27,2025-05-01,0,0,0
D27,2025-06-01,0,0,0
D27,2025-07-01,0,0,0
D27,2025-08-01,0,0,0
D27,2025-09-01,0,0,0
D27,2025-10-01,0,0,0
D27,2025-11-01,0,0,0
D27,2025-12-01,0,0,0
D27,2026-01-01,0,0,0
D27,2026-02-01,0,0,0
D27,2026-03-01,0,0,0
D27,2026-04-01,0,0,0
D27,2026-05-01,0,0,0
D27,2026-06-01,0,0,0
D27,2026-07-01,0,0,0
D27,2026-08-01,0,0,0
D27,2026-09-01,0,0,0
D27,2026-10-01,0,0,0
D27,2026-11-01,0,0,0
D27,2026-12-01,0,0,0
D28,2025-02-01,600,1200,0
D28,2025-03-01,600,0,0
D28,2025-04-01,600,600,0
D28,2025-05-01,600,1200,0
D28,2025-06-01,600,0,0
D28,2025-07-01,600,600,0
D28,2025-08-01,600,600,0
D28,2025-09-01,600,600,0
D28,2025-10-01,600,0,0
D28,2025-11-01,600,1200,0
D28,2025-12-01,600,0,0
D28,2026-01-01,600,1200,0
D28,2026-02-01,600,0,0
D28,2026-03-01,600,1200,0
D28,2026-04-01,725,0,725
D28,2026-05-01,725,0,725
D28,2026-06-01,725,0,725
D28,2026-07-01,725,0,725
D28,2026-08-01,725,0,725
D28,2026-09-01,725,0,725
D28,2026-10-01,725,0,725
D28,2026-11-01,725,0,725
D28,2026-12-01,725,0,725
D29,2025-02-01,600,600,0
D29,2025-03-01,600,600,0
D29,2025-04-01,600,600,0
D29,2025-05-01,600,600,0
D29,2025-06-01,600,600,0
D29,2025-07-01,600,600,0
D29,2025-08-01,600,600,0
D29,2025-09-01,0,0,0
D29,2025-10-01,600,600,0
D29,2025-11-01,600,600,0
D29,2025-12-01,600,600,0
D29,2026-01-01,600,600,0
D29,2026-02-01,600,600,0
D29,2026-03-01,600,0,600
D29,2026-04-01,725,0,725
D29,2026-05-01,725,0,725
D29,2026-06-01,725,0,725
D29,2026-07-01,725,0,725
D29,2026-08-01,725,0,725
D29,2026-09-01,725,0,725
D29,2026-10-01,725,0,725
D29,2026-11-01,725,0,725
D29,2026-12-01,725,0,725
